TEAM,CONF,G,W,ADJOE,ADJDE,BARTHAG,EFG_O,EFG_D,TOR,TORD,ORB,DRB,FTR,FTRD,2P_O,2P_D,3P_O,3P_D,ADJ_T,WAB,POSTSEASON,SEED,YEAR
Austin Peay,OVC,33,13,114.1,90.2,0.8975,41.5,52.5,12.1,18.6,27.7,20.0,41.6,23.2,49.9,50.7,38.5,33.3,70.6,-3.6,S16,5.0,2013
Tennessee,SEC,28,20,99.8,103.8,0.4099,51.0,48.1,13.0,17.9,27.0,28.3,41.3,28.3,52.7,48.8,34.6,30.8,80.1,5.2,,,2013
Texas Tech,B12,34,18,102.4,108.4,0.3667,58.4,51.8,15.5,25.5,37.1,28.8,36.6,27.1,48.4,47.9,27.2,29.5,59.7,-3.2,,,2013
Syracuse,ACC,33,20,113.9,79.8,0.957,49.4,55.0,11.2,18.5,36.0,18.4,52.0,40.9,53.4,46.5,38.2,30.2,60.6,4.2,E8,4.0,2013
Arizona,P12,33,29,104.7,96.8,0.6727,53.8,48.5,13.5,17.2,39.1,28.6,31.3,28.1,52.1,49.8,36.7,30.3,59.7,11.2,,,2013
Wake Forest,ACC,36,29,107.4,106.3,0.5249,61.8,49.5,20.8,14.4,29.4,28.4,45.1,36.1,52.2,47.2,34.5,37.0,83.0,8.8,,,2013
Cincinnati,Amer,36,27,123.8,99.2,0.9028,52.7,45.1,10.0,20.7,33.7,39.3,46.6,18.6,45.6,40.7,33.1,41.8,63.3,8.4,R32,5.0,2013
UCLA,P12,30,15,110.3,86.0,0.901,52.5,46.3,21.4,21.8,33.4,25.6,41.8,29.6,54.2,35.1,36.1,36.0,70.6,1.4,E8,5.0,2013
Xavier,BE,30,18,116.6,106.0,0.7222,53.6,47.4,13.3,21.3,29.1,17.8,37.0,31.8,55.2,44.4,37.7,35.0,82.9,6.5,,,2013
Michigan,B10,38,35,102.1,100.0,0.5464,50.9,46.9,19.6,16.1,27.7,29.4,36.0,32.1,58.6,45.6,46.7,36.2,72.8,15.9,,,2013
Saint Mary's,WCC,32,28,115.7,98.3,0.829,51.0,51.7,19.0,15.7,37.1,31.5,32.7,33.6,47.2,44.6,29.8,30.5,67.8,10.0,,,2013
Alabama,SEC,31,20,106.3,94.0,0.7534,49.3,48.7,22.1,27.9,28.8,26.1,36.8,28.1,48.0,42.7,44.3,28.1,57.1,2.5,,,2013
Memphis,Amer,29,27,99.5,115.7,0.1856,43.2,47.4,15.2,16.2,29.5,27.9,45.5,34.8,58.4,53.7,51.8,41.5,72.4,10.3,,,2013
Davidson,A10,39,33,109.8,104.2,0.624,48.9,49.1,20.2,16.0,32.2,40.4,37.4,28.8,57.9,55.5,36.3,31.4,77.4,13.9,,,2013
Virginia,ACC,30,26,98.1,92.0,0.6367,47.1,47.0,13.7,23.0,29.0,28.6,45.9,26.3,46.7,52.3,20.4,34.3,69.7,12.1,,,2013
Nevada,MWC,29,14,114.6,93.2,0.8751,52.7,46.1,18.7,17.9,35.4,26.7,29.7,28.0,39.5,52.1,34.5,30.6,59.2,0.9,R64,8.0,2013
Florida,SEC,36,34,98.5,89.6,0.6912,48.0,45.1,15.5,21.0,29.4,28.3,43.1,34.8,46.3,44.2,40.0,32.7,63.6,14.5,,,2013
Kansas,B12,33,21,91.8,96.2,0.4003,46.7,53.1,18.0,22.0,36.3,21.2,31.1,34.2,57.3,52.3,35.1,26.7,77.8,4.4,,,2013
TCU,B12,35,34,99.0,78.3,0.8678,56.5,51.8,15.2,17.2,38.8,24.6,35.9,19.6,54.3,50.7,27.9,30.8,70.0,17.5,Champions,1.0,2013
Houston,Amer,35,27,113.0,93.0,0.8595,47.3,51.2,20.3,15.9,46.2,19.9,29.6,29.6,58.8,51.4,44.6,39.1,63.4,5.6,E8,6.0,2013
Louisville,ACC,39,32,114.1,91.8,0.8839,57.0,42.4,19.2,18.6,35.3,30.0,39.0,33.9,44.9,43.7,34.3,35.4,59.2,11.9,2ND,1.0,2013
Michigan State,B10,30,28,106.9,98.7,0.6783,52.9,51.5,11.1,16.1,33.3,34.4,36.6,30.2,42.3,35.1,45.8,37.1,64.5,11.2,,,2013
LSU,SEC,38,17,119.5,93.0,0.9177,51.5,45.0,16.9,14.4,15.6,30.4,44.5,38.8,49.2,47.9,35.3,27.9,73.3,-0.9,,,2013
Utah State,MWC,29,17,98.6,95.7,0.5663,57.3,48.7,17.1,19.1,33.3,18.2,28.0,34.6,62.7,43.9,40.6,39.2,60.2,6.1,,,2013
Morehead State,OVC,31,23,124.2,90.9,0.9536,53.0,48.8,21.0,17.3,18.3,22.2,21.8,27.4,46.5,47.5,32.9,29.1,79.5,6.6,2ND,2.0,2013
Wisconsin,B10,38,20,92.7,96.6,0.4128,41.3,51.7,12.6,29.8,23.3,21.4,33.3,31.0,45.8,47.3,35.9,34.8,60.8,-0.8,,,2013
Belmont,OVC,28,27,115.9,93.4,0.8852,55.4,43.0,16.0,23.2,32.7,25.9,32.9,38.1,69.3,45.8,21.1,34.7,66.0,11.5,E8,3.0,2013
Illinois,B10,39,12,130.7,105.4,0.9089,53.0,46.9,13.5,20.1,35.4,28.8,40.4,36.5,61.5,56.8,34.2,28.6,53.4,-5.0,,,2013
Oklahoma,B12,31,11,133.1,80.7,0.9916,36.3,49.6,24.7,14.7,31.4,21.9,44.9,36.8,60.4,52.2,41.6,28.7,54.9,0.1,,,2013
Iowa State,B12,34,23,115.5,95.4,0.8614,52.7,51.9,22.7,16.3,33.6,34.5,33.8,38.1,48.9,41.5,33.5,30.5,80.1,1.2,Champions,3.0,2013
Miami,ACC,35,16,136.2,92.4,0.9817,44.8,47.5,16.5,18.8,40.2,27.3,27.7,25.3,46.8,45.7,31.4,28.5,67.5,0.7,R32,12.0,2013
Arkansas,SEC,33,11,113.1,86.7,0.9169,42.9,44.2,17.8,22.4,28.3,31.0,20.3,20.1,56.4,45.5,29.9,27.7,72.8,-8.2,E8,6.0,2013
Stanford,P12,38,15,106.0,93.0,0.765,48.0,46.2,16.4,21.0,33.8,30.7,36.5,32.0,47.0,44.4,29.5,30.7,55.7,-2.4,,,2013
Purdue,B10,30,10,86.8,104.6,0.1651,45.4,43.4,20.2,22.6,26.7,23.8,27.0,31.5,44.1,45.5,26.0,32.7,65.4,-3.1,,,2013
BYU,WCC,39,21,116.8,89.0,0.9264,52.0,48.1,15.1,19.3,25.4,29.1,28.9,38.3,49.6,44.9,30.8,28.8,83.7,1.6,,,2013
Oregon,P12,36,19,114.8,86.7,0.9275,48.8,49.1,14.2,24.6,28.8,15.3,29.2,34.6,46.4,42.8,21.0,34.2,68.2,-1.8,,,2013
SMU,Amer,36,25,102.4,92.8,0.7051,47.2,49.6,13.8,17.7,34.2,26.3,38.2,25.7,44.9,49.9,43.3,39.2,73.3,5.0,,,2013
Baylor,B12,30,13,116.3,110.4,0.6307,51.9,48.3,21.7,16.0,37.3,25.7,31.3,31.8,44.1,50.0,35.9,33.2,70.1,-4.7,,,2013
Iowa,B10,30,26,106.4,96.5,0.7104,52.3,52.9,13.3,17.5,30.9,26.6,24.4,22.3,53.0,59.7,39.0,35.8,55.8,10.2,,,2013
Colorado State,MWC,39,23,109.7,83.7,0.9141,53.9,47.5,14.8,16.9,45.9,35.8,32.8,34.0,52.2,43.9,30.1,28.3,53.2,2.4,Champions,3.0,2013
Creighton,BE,32,27,109.1,91.7,0.8299,39.6,48.5,13.3,20.9,26.5,30.3,31.9,39.3,43.7,47.5,44.6,35.9,68.3,12.4,,,2013
San Diego State,MWC,35,11,89.2,96.6,0.3388,48.1,45.3,15.1,19.4,24.1,18.3,24.2,22.8,56.4,46.5,26.1,39.1,64.3,-6.9,,,2013
Indiana,B10,29,12,109.2,109.0,0.5036,47.6,45.4,15.8,22.0,39.8,31.1,43.1,24.3,54.4,55.3,42.2,35.7,64.2,-4.5,,,2013
Saint Louis,A10,36,19,81.5,95.1,0.2251,47.1,47.9,16.7,23.5,27.5,32.5,33.9,38.9,47.4,49.5,34.4,24.4,58.1,1.1,,,2013
Gonzaga,WCC,36,19,109.3,101.2,0.6764,48.9,47.1,17.8,14.3,23.4,35.7,32.9,30.3,55.6,40.6,27.7,42.8,61.8,-1.2,,,2013
VCU,A10,39,31,93.2,97.5,0.403,51.0,43.1,16.8,18.2,41.9,36.0,19.8,21.9,52.5,48.0,35.1,35.2,73.7,9.5,,,2013
Marquette,BE,35,15,103.8,99.6,0.5943,45.9,46.7,15.0,22.7,36.1,26.8,32.1,31.5,47.1,41.3,29.4,24.1,61.7,-2.2,,,2013
West Virginia,B12,34,28,102.3,93.0,0.6998,48.6,48.0,12.0,15.9,29.7,32.3,25.8,25.5,53.9,44.5,29.2,30.9,71.7,10.4,,,2013
Duke,ACC,39,21,96.5,85.2,0.7373,48.5,49.4,18.3,10.2,35.0,20.6,38.8,32.7,55.8,48.3,33.6,30.7,65.8,-0.6,,,2013
Villanova,BE,31,14,130.3,101.4,0.9329,51.9,51.0,10.4,16.2,28.5,29.6,32.0,35.3,47.3,44.8,44.4,29.8,60.5,-0.7,Champions,3.0,2013
Texas,B12,28,22,114.6,116.6,0.4557,53.1,42.2,13.5,17.3,29.8,19.1,33.8,22.1,66.7,55.9,21.0,41.6,63.1,6.0,,,2013
Auburn,SEC,36,28,106.6,101.0,0.625,58.0,48.3,12.7,23.1,36.3,36.5,41.0,43.3,45.6,44.0,28.4,42.4,68.0,5.9,,,2013
San Francisco,WCC,36,26,104.3,99.7,0.6025,58.6,52.0,19.2,16.3,26.5,34.0,35.4,29.2,51.1,40.7,30.9,29.8,64.2,8.6,,,2013
Kentucky,SEC,28,27,104.8,91.9,0.764,47.3,40.9,15.8,15.9,34.9,28.7,30.8,28.1,51.6,38.7,41.8,23.6,65.2,10.4,,,2013
North Carolina,ACC,36,19,119.1,90.0,0.9337,49.3,45.7,15.3,16.6,31.2,30.1,32.2,25.6,51.4,51.1,32.2,27.1,83.8,0.6,Champions,3.0,2013
Clemson,ACC,33,17,122.1,102.5,0.8563,45.8,48.2,16.7,13.7,21.1,27.6,35.6,37.2,56.2,49.0,35.1,43.3,67.9,-2.2,Champions,1.0,2013
Dayton,A10,31,21,113.2,90.0,0.8916,53.4,47.5,15.4,15.8,25.7,34.3,27.9,34.9,42.2,50.3,39.3,22.4,61.3,4.3,,,2013
Murray State,OVC,30,22,98.9,96.5,0.5542,50.0,48.1,10.7,18.8,28.2,20.7,35.0,32.7,49.4,49.3,35.0,30.4,63.9,7.6,,,2013
Mississippi State,SEC,30,22,112.6,88.8,0.8971,41.7,51.8,17.0,15.5,26.7,30.8,30.9,33.2,56.8,51.0,33.7,29.4,70.5,8.2,,,2013
Ohio State,B10,30,26,123.9,91.1,0.9514,48.7,50.1,14.7,17.6,22.2,29.6,41.7,42.6,55.8,48.5,33.8,35.0,62.2,10.4,,,2013
Duke,ACC,37,31,120.1,98.6,0.876,51.3,50.6,14.8,20.1,19.7,27.3,37.1,39.2,48.5,49.3,43.9,32.3,80.2,12.2,,,2014
Indiana,B10,29,12,128.5,94.4,0.9568,49.9,52.0,20.9,17.1,29.4,29.2,26.7,27.0,57.7,48.5,31.4,32.1,74.1,-1.6,,,2014
Michigan,B10,31,22,126.9,91.9,0.9603,54.6,51.3,11.1,21.0,34.2,27.8,26.7,22.7,48.7,58.4,25.6,41.4,71.4,5.9,2ND,2.0,2014
Tennessee,SEC,29,26,110.5,121.3,0.2727,53.0,51.0,18.0,11.8,27.1,28.2,37.1,29.2,41.8,47.3,45.0,32.9,64.5,14.9,,,2014
Memphis,Amer,29,17,130.5,90.4,0.9744,49.2,42.6,15.2,15.1,25.8,25.3,39.1,29.4,48.0,50.5,20.4,41.1,71.7,1.4,,,2014
Alabama,SEC,38,37,88.9,106.6,0.1659,56.7,43.3,16.1,15.0,38.2,31.6,37.9,35.6,51.9,50.1,40.9,44.6,75.6,16.3,,,2014
Kansas,B12,37,12,99.5,71.7,0.9258,44.1,48.2,15.5,14.3,29.5,38.5,39.5,28.9,57.4,49.8,47.1,43.3,80.3,-3.7,2ND,3.0,2014
Mississippi State,SEC,37,17,102.9,105.5,0.4414,50.4,48.2,19.4,15.1,35.6,30.3,27.7,31.7,47.8,40.7,31.3,35.5,71.9,-0.4,,,2014
TCU,B12,37,36,104.2,94.3,0.7113,46.8,51.9,13.6,13.3,24.8,29.5,30.4,36.4,49.5,48.2,32.3,37.0,62.3,19.5,,,2014
Kentucky,SEC,32,14,104.3,96.4,0.6731,51.2,41.7,21.3,22.0,41.9,37.2,20.7,36.0,45.4,51.8,28.2,28.5,57.9,-0.8,,,2014
Ohio State,B10,31,19,102.4,85.0,0.8295,46.0,44.5,18.2,19.6,41.6,18.5,20.1,29.7,55.8,43.0,37.8,37.9,67.9,-0.3,,,2014
Oklahoma,B12,36,17,110.8,107.4,0.5754,53.7,52.4,21.7,17.9,33.2,29.9,42.5,28.0,65.4,37.0,36.9,37.5,68.9,-4.6,,,2014
Marquette,BE,28,24,100.0,99.2,0.5177,55.4,46.8,15.9,25.3,38.3,30.7,37.9,28.7,49.0,41.6,44.9,27.5,69.4,7.9,,,2014
Florida,SEC,37,19,122.3,100.7,0.877,51.1,47.6,17.1,25.1,29.6,24.3,28.7,22.9,47.6,48.6,41.2,36.5,61.0,2.4,S16,12.0,2014
VCU,A10,37,12,103.1,96.1,0.6539,41.9,48.6,15.0,11.2,28.6,34.8,26.2,26.2,50.9,38.2,28.9,35.7,60.9,-6.8,,,2014
Auburn,SEC,35,21,96.6,84.6,0.75,49.0,42.5,16.9,26.5,31.8,32.3,23.0,25.8,52.0,42.6,27.6,34.0,69.9,1.0,,,2014
Davidson,A10,32,12,112.5,108.6,0.5871,53.6,53.2,17.3,22.5,31.1,29.7,23.2,30.8,55.2,47.2,38.9,31.0,65.1,-3.7,,,2014
Iowa,B10,31,22,97.5,95.3,0.5508,56.0,50.2,18.9,20.3,31.7,26.1,32.9,32.5,44.7,37.7,48.4,37.5,76.2,6.0,,,2014
Saint Mary's,WCC,33,10,102.9,87.6,0.8006,51.6,44.0,14.3,15.4,37.9,23.4,29.6,23.6,43.3,47.2,35.8,24.7,64.5,-6.6,,,2014
Purdue,B10,38,37,105.3,81.8,0.8949,49.4,46.1,20.3,18.9,29.6,32.4,33.3,28.8,49.5,62.2,48.6,34.6,74.0,13.7,,,2014
West Virginia,B12,36,23,95.4,82.5,0.7642,37.4,46.4,14.9,17.2,31.2,25.6,35.0,30.3,45.0,42.5,40.0,27.5,60.1,2.5,,,2014
Virginia,ACC,39,28,105.3,95.3,0.7132,48.1,53.3,20.7,20.1,40.8,32.4,40.0,36.4,54.5,51.6,28.3,33.3,61.0,8.4,,,2014
Arkansas,SEC,33,27,132.7,88.0,0.983,47.8,47.3,16.0,10.0,38.9,22.3,30.1,38.0,53.1,46.4,39.0,31.1,63.8,11.1,2ND,1.0,2014
Michigan State,B10,33,18,109.9,94.4,0.803,45.1,55.5,17.4,13.9,31.1,33.9,29.2,39.2,57.9,45.3,36.4,24.0,60.1,1.8,,,2014
Colorado State,MWC,39,32,102.9,85.3,0.8318,60.7,47.3,20.3,20.9,32.6,36.1,13.9,27.8,56.5,48.7,35.8,32.9,67.2,12.7,,,2014
Wake Forest,ACC,34,13,95.8,88.5,0.6617,52.4,47.0,11.9,12.0,32.8,33.7,20.0,29.6,37.1,42.9,25.8,36.6,73.1,-2.4,,,2014
Clemson,ACC,38,27,109.4,101.5,0.6719,48.0,44.0,13.8,19.3,29.7,26.6,44.1,27.1,50.8,43.6,33.9,31.6,65.1,6.2,,,2014
BYU,WCC,31,19,131.9,77.4,0.993,45.7,46.3,16.2,19.8,37.4,33.3,36.3,15.4,50.1,52.6,37.3,32.2,70.8,1.3,2ND,3.0,2014
Murray State,OVC,29,10,105.2,106.1,0.4808,48.8,46.1,17.9,17.1,32.4,25.4,30.2,28.1,45.4,53.6,48.3,33.7,67.4,-7.7,,,2014
North Carolina,ACC,31,29,106.8,87.8,0.849,50.5,40.8,19.2,21.9,37.4,26.8,32.7,31.2,60.0,40.4,28.1,30.2,69.2,11.8,,,2014
Nevada,MWC,35,32,105.0,92.4,0.7591,41.3,51.8,19.0,14.3,35.6,18.1,20.2,34.7,55.6,57.1,33.3,33.1,67.0,11.9,,,2014
Xavier,BE,29,10,135.4,84.2,0.9906,51.5,50.3,19.8,17.1,26.1,31.6,26.7,26.8,44.1,56.8,29.3,47.1,64.0,-4.4,R64,7.0,2014
Syracuse,ACC,33,11,119.6,93.0,0.9184,45.1,47.1,13.1,18.5,20.2,28.7,39.4,32.6,50.3,53.0,45.8,37.0,58.4,-2.3,Champions,3.0,2014
SMU,Amer,38,24,98.2,105.0,0.35,52.8,46.0,13.6,20.1,31.7,25.0,46.4,40.4,55.0,50.4,33.6,28.6,74.0,1.9,,,2014
Louisville,ACC,37,25,98.2,90.0,0.678,52.0,45.4,19.1,17.7,34.4,24.5,38.0,30.3,46.8,51.5,16.4,28.4,70.3,7.0,,,2014
Baylor,B12,31,29,112.1,94.9,0.8266,47.3,49.4,20.6,24.1,15.5,26.3,34.4,30.1,52.5,44.2,31.5,32.3,74.7,13.9,,,2014
Austin Peay,OVC,30,24,109.2,84.8,0.9017,52.8,47.6,19.0,19.0,32.3,26.7,34.4,16.5,39.4,43.3,36.9,30.8,69.6,10.0,2ND,4.0,2014
Houston,Amer,34,13,110.5,87.7,0.8876,47.6,53.3,11.9,20.6,27.7,28.6,38.6,30.2,45.5,49.9,32.6,29.6,64.1,-4.5,R64,7.0,2014
Villanova,BE,32,27,99.0,95.1,0.5875,43.7,48.4,15.7,12.5,32.8,38.1,30.5,40.7,52.4,43.7,37.3,29.9,66.5,12.8,,,2014
San Francisco,WCC,39,27,124.9,89.5,0.9614,53.6,49.7,15.3,18.2,21.5,18.3,28.4,28.5,38.6,52.3,35.9,36.3,81.2,5.1,R64,9.0,2014
Texas,B12,28,24,107.4,92.8,0.7907,54.9,45.6,17.2,25.5,32.0,29.7,36.1,39.5,47.5,54.8,35.2,42.8,53.0,10.0,,,2014
San Diego State,MWC,36,34,105.3,95.1,0.717,49.8,53.1,21.8,10.6,28.1,29.9,40.8,33.8,50.2,45.4,23.7,26.5,71.8,13.4,,,2014
Arizona,P12,31,20,118.1,85.1,0.9524,53.8,42.0,19.3,13.0,27.6,22.5,32.3,37.4,51.3,37.0,32.5,31.4,69.4,7.4,,,2014
Illinois,B10,32,29,115.7,89.2,0.9178,55.2,46.8,19.8,16.2,35.1,22.7,26.3,26.2,51.7,50.7,30.7,37.1,70.6,13.2,,,2014
Utah State,MWC,36,10,103.6,74.3,0.9348,52.7,45.3,17.6,11.8,30.4,22.0,33.7,24.3,52.2,51.6,34.4,35.3,69.6,-9.9,2ND,1.0,2014
Dayton,A10,37,27,126.8,87.2,0.9735,45.1,49.4,15.9,22.5,37.0,28.7,40.5,36.0,49.8,54.0,36.0,27.5,75.3,6.6,E8,3.0,2014
LSU,SEC,31,24,103.5,108.3,0.392,51.6,51.9,14.1,18.9,34.5,25.4,35.4,29.0,59.5,45.0,34.3,30.8,57.2,8.0,,,2014
Stanford,P12,28,13,117.2,94.7,0.8854,49.2,49.0,18.1,20.9,27.9,28.6,28.9,34.6,50.8,47.6,21.5,42.5,82.7,0.5,R32,14.0,2014
Saint Louis,A10,31,29,109.4,127.7,0.1595,56.0,51.9,18.1,12.9,28.3,31.1,39.0,25.0,60.7,49.3,33.6,25.9,69.8,12.3,,,2014
Gonzaga,WCC,29,14,109.2,100.3,0.691,43.7,47.3,17.4,22.6,30.1,23.9,28.4,35.7,54.0,41.5,40.7,32.0,65.9,-0.8,,,2014
Morehead State,OVC,36,26,110.6,114.5,0.4119,58.4,50.6,20.1,15.7,36.0,30.8,52.3,28.5,47.7,41.0,46.1,38.0,62.3,8.7,,,2014
Texas Tech,B12,37,29,118.6,90.3,0.9292,59.8,51.6,18.5,23.4,34.4,39.2,38.6,38.8,49.4,55.5,36.9,29.5,71.4,12.0,,,2014
Wisconsin,B10,38,25,114.7,93.2,0.876,47.2,43.4,18.3,16.8,31.9,29.7,37.0,29.6,49.4,48.0,36.9,24.5,57.7,5.4,,,2014
Belmont,OVC,32,10,83.2,101.9,0.1534,56.6,51.6,19.5,21.7,30.4,24.8,32.8,24.9,55.4,47.6,38.0,30.1,74.0,-4.1,,,2014
Creighton,BE,36,20,105.7,98.3,0.662,45.7,52.7,14.9,17.7,32.1,14.4,31.3,30.0,58.2,44.7,32.3,34.1,63.9,4.2,,,2014
UCLA,P12,36,31,110.4,94.2,0.8142,59.6,48.0,19.8,25.8,23.8,37.6,26.3,23.3,56.4,43.0,35.3,33.9,76.9,12.3,,,2014
Miami,ACC,31,17,116.0,102.2,0.7784,54.1,53.5,20.9,17.3,36.5,27.8,34.9,27.5,47.9,51.1,36.7,40.5,66.4,0.8,,,2014
Cincinnati,Amer,32,16,97.3,93.1,0.5943,55.7,41.1,13.3,23.6,33.8,28.0,35.7,26.0,62.1,44.9,39.2,38.2,80.9,0.7,,,2014
Iowa State,B12,37,15,123.0,95.1,0.9266,46.2,47.8,19.0,19.0,36.4,30.6,30.9,33.3,53.9,36.3,32.1,35.0,58.2,-3.0,Champions,3.0,2014
Oregon,P12,37,35,118.3,109.6,0.6885,45.9,50.8,18.0,22.1,20.9,23.1,43.8,32.0,49.3,51.7,35.6,33.2,78.4,18.4,,,2014
Michigan State,B10,35,33,103.9,102.7,0.5289,51.7,55.0,19.6,21.3,30.7,30.0,52.8,33.5,53.7,49.1,34.3,33.0,47.1,16.6,,,2015
Cincinnati,Amer,31,11,114.1,96.8,0.8289,50.5,55.8,14.9,15.5,35.0,35.2,30.8,19.6,59.7,43.6,40.0,31.3,80.3,-3.8,,,2015
Oregon,P12,32,11,110.6,102.2,0.6826,41.5,48.2,19.6,13.5,31.9,26.0,36.9,24.6,49.1,50.9,40.5,24.4,67.5,-3.9,,,2015
Wisconsin,B10,39,18,123.3,76.0,0.9866,51.7,41.8,16.6,20.2,32.5,22.4,22.0,37.5,59.2,42.5,39.3,39.8,64.8,2.9,R32,13.0,2015
Utah State,MWC,36,33,131.7,83.8,0.9873,50.7,40.9,20.1,21.5,27.0,25.2,38.8,30.9,44.6,53.4,28.3,42.4,61.8,18.7,2ND,3.0,2015
VCU,A10,39,29,131.0,96.5,0.9582,49.0,50.8,18.5,12.4,26.5,16.6,35.2,21.9,44.0,53.5,36.9,33.0,66.2,7.6,S16,2.0,2015
Texas,B12,38,18,98.8,82.6,0.8139,46.8,47.8,13.6,23.1,17.0,24.6,42.7,31.0,54.4,45.2,34.9,35.2,70.9,-2.5,,,2015
Duke,ACC,34,19,120.0,100.9,0.8494,47.8,44.0,18.7,21.7,37.4,31.1,28.7,29.4,52.5,50.1,29.8,36.0,68.3,1.8,,,2015
Colorado State,MWC,35,18,118.8,89.6,0.9348,49.4,57.5,15.0,18.0,29.7,33.1,41.6,30.5,50.2,40.3,33.0,30.8,75.0,0.0,,,2015
Murray State,OVC,38,25,90.5,103.3,0.239,50.9,45.4,14.8,9.8,31.5,27.7,22.8,30.5,42.7,42.5,49.8,36.9,70.0,6.4,,,2015
Stanford,P12,35,17,101.6,95.6,0.6336,51.0,45.1,13.5,19.8,38.2,41.0,40.9,30.6,37.7,51.2,52.5,27.6,71.3,0.2,,,2015
Houston,Amer,39,17,127.1,81.3,0.9848,52.4,46.9,14.7,18.7,39.7,28.9,40.3,23.8,52.4,41.3,61.5,33.9,61.4,-4.3,R64,7.0,2015
Xavier,BE,39,24,120.8,104.6,0.8131,45.6,51.7,14.3,16.9,22.5,28.1,45.6,21.5,59.1,46.2,42.5,26.4,69.9,4.1,,,2015
Wake Forest,ACC,36,18,121.5,103.3,0.8398,48.8,48.5,16.2,16.5,36.1,24.2,42.1,22.0,51.4,44.3,40.8,23.9,60.7,-1.8,,,2015
Louisville,ACC,39,15,115.4,85.6,0.9377,54.5,47.6,17.3,20.0,25.2,31.2,25.9,26.7,45.3,52.6,22.9,30.8,69.7,-5.3,Champions,1.0,2015
Auburn,SEC,30,11,98.7,97.9,0.5169,46.4,48.5,24.6,17.4,32.9,39.8,38.5,30.1,52.3,45.7,34.8,28.1,65.4,-3.2,,,2015
Iowa State,B12,36,20,114.5,93.4,0.8717,49.0,52.5,10.6,18.9,26.9,19.0,29.6,33.6,56.8,41.4,37.4,30.7,68.5,4.6,R32,13.0,2015
Davidson,A10,36,17,127.3,95.0,0.9495,46.3,50.4,14.0,20.6,36.2,28.6,34.3,26.5,53.5,51.9,22.7,45.1,60.9,-3.8,E8,1.0,2015
Tennessee,SEC,28,25,119.5,77.9,0.9778,48.6,49.6,12.2,18.5,20.0,21.7,41.4,33.8,53.2,54.4,29.2,28.7,81.0,11.3,Champions,2.0,2015
Marquette,BE,38,25,121.9,122.5,0.4865,51.1,45.6,15.9,26.4,34.0,30.1,38.6,41.9,44.3,54.4,36.1,28.3,80.2,5.2,,,2015
UCLA,P12,30,29,122.5,95.9,0.9182,48.6,45.2,19.0,17.8,32.0,35.7,30.6,43.3,52.5,43.4,43.9,29.1,58.2,15.3,Champions,3.0,2015
West Virginia,B12,34,31,114.1,101.6,0.7561,53.3,43.0,14.8,25.9,21.3,23.6,40.2,32.2,44.7,50.3,36.5,25.8,59.6,13.5,,,2015
Oklahoma,B12,31,13,126.0,77.9,0.9876,49.1,54.4,22.2,15.2,32.6,30.4,31.6,27.9,61.2,47.2,35.1,32.9,86.8,-3.6,R64,4.0,2015
Kentucky,SEC,39,22,110.1,102.5,0.6678,55.3,49.1,13.9,23.3,34.1,30.4,28.7,26.9,53.8,46.9,40.6,33.8,49.7,3.5,,,2015
Texas Tech,B12,36,20,114.7,104.6,0.7158,47.7,48.5,15.9,22.6,39.6,17.2,20.5,34.1,55.2,48.3,34.1,29.1,68.7,-0.1,,,2015
TCU,B12,28,23,109.5,100.8,0.6865,57.5,47.9,13.5,15.2,28.4,30.0,33.2,37.3,47.3,44.6,46.8,30.5,69.3,12.5,,,2015
Indiana,B10,36,11,108.3,75.2,0.9532,49.2,55.5,18.7,16.4,24.3,23.3,38.9,32.1,62.7,41.4,32.1,32.3,66.7,-6.1,2ND,1.0,2015
Austin Peay,OVC,34,11,79.1,103.8,0.0957,45.6,47.2,17.9,24.6,38.0,27.4,36.3,22.9,56.1,43.7,38.1,30.4,44.6,-4.9,,,2015
Belmont,OVC,32,10,100.0,93.9,0.6363,52.5,44.2,14.7,11.9,31.6,36.0,35.9,30.5,54.2,56.3,35.7,31.3,67.0,-5.4,,,2015
Syracuse,ACC,31,21,99.7,110.3,0.2758,44.2,40.1,18.2,16.6,30.3,30.4,38.5,28.1,53.8,41.0,46.3,24.4,59.5,8.3,,,2015
LSU,SEC,31,16,107.0,96.9,0.7148,53.2,43.0,12.9,25.1,44.3,23.9,42.3,31.3,58.1,50.9,28.1,31.1,75.3,0.5,,,2015
Virginia,ACC,29,12,99.7,100.0,0.4925,52.6,47.5,13.2,18.0,27.3,25.0,49.6,40.1,52.4,49.8,28.1,36.4,60.7,-3.3,,,2015
Saint Mary's,WCC,28,27,93.4,92.8,0.5143,52.4,47.5,16.1,16.4,33.1,18.8,32.7,35.6,49.2,44.9,26.3,41.2,73.1,15.1,,,2015
San Francisco,WCC,35,12,119.5,108.3,0.734,50.2,43.7,13.5,19.1,39.2,30.3,41.9,28.6,58.2,45.6,35.7,33.0,60.0,-4.2,,,2015
Creighton,BE,30,10,131.2,108.1,0.8907,53.9,53.0,18.7,24.2,39.4,32.7,36.0,36.5,39.5,54.9,41.4,32.5,62.7,-5.8,R64,3.0,2015
Gonzaga,WCC,31,10,132.5,73.3,0.9954,55.5,43.6,14.8,18.6,31.5,23.8,42.2,30.9,55.6,52.8,31.7,30.6,79.3,-6.1,,,2015
North Carolina,ACC,35,33,93.4,95.7,0.4493,50.3,56.8,18.1,16.0,32.8,34.3,34.4,36.2,51.6,51.9,42.2,32.5,68.0,15.8,,,2015
SMU,Amer,35,28,112.7,68.4,0.9826,54.1,49.5,12.1,25.3,36.5,26.8,30.8,34.4,50.9,40.9,34.9,29.4,65.5,7.9,,,2015
Morehead State,OVC,36,16,119.1,98.8,0.8634,53.8,45.6,15.2,21.4,30.1,32.2,40.1,26.8,53.1,44.3,36.7,28.1,56.0,-2.7,2ND,4.0,2015
Iowa,B10,32,19,99.2,112.0,0.2379,52.1,55.8,15.5,13.2,34.7,25.4,34.5,28.9,56.3,44.5,21.1,21.8,62.5,2.0,,,2015
BYU,WCC,29,11,112.8,90.0,0.8886,50.1,48.0,13.7,19.8,34.2,24.5,41.2,23.6,61.7,51.6,29.7,36.6,66.8,-4.3,,,2015
Clemson,ACC,37,16,110.2,94.1,0.8121,52.8,42.7,17.0,22.8,29.5,23.3,27.2,31.8,58.4,48.2,34.8,37.5,60.7,-4.8,,,2015
Mississippi State,SEC,38,33,123.0,106.6,0.8175,56.1,44.7,15.6,14.9,27.6,26.2,41.0,27.1,46.3,36.6,36.5,37.5,66.0,14.2,,,2015
Baylor,B12,30,22,130.1,102.7,0.9235,51.3,41.2,15.2,21.1,36.6,38.5,35.8,31.4,47.3,49.2,35.5,31.0,64.1,5.9,,,2015
Florida,SEC,35,15,93.1,102.3,0.303,47.7,55.2,14.3,22.2,35.9,26.0,17.5,26.2,45.9,50.0,36.5,34.9,68.8,-3.5,,,2015
Michigan,B10,39,25,103.8,82.2,0.8774,54.6,59.8,12.2,21.2,32.2,34.3,49.2,34.7,48.3,60.3,42.0,29.5,77.3,7.7,,,2015
Ohio State,B10,39,24,101.6,90.5,0.7317,55.6,45.9,18.3,18.4,31.1,26.2,38.9,25.3,48.2,48.1,36.9,31.3,69.6,3.2,,,2015
Kansas,B12,29,12,101.5,96.6,0.6097,52.6,51.8,19.6,26.4,34.6,33.4,36.3,28.3,44.1,48.5,26.3,38.3,71.7,-4.6,,,2015
Miami,ACC,35,31,118.8,75.4,0.9811,50.3,48.8,12.9,19.8,36.7,23.4,29.7,28.5,55.1,44.8,38.6,34.6,60.2,11.8,S16,9.0,2015
Villanova,BE,37,24,101.0,74.8,0.9157,51.6,51.4,19.6,16.4,26.6,21.9,46.6,32.6,53.3,60.2,38.7,46.2,68.1,4.0,,,2015
Illinois,B10,33,22,104.0,108.8,0.3912,48.6,47.2,14.9,6.2,35.4,25.5,25.0,26.8,59.5,48.6,40.4,34.5,67.0,8.5,,,2015
Nevada,MWC,30,17,103.5,97.5,0.634,49.5,47.2,13.9,18.2,24.4,31.6,37.8,30.8,51.0,50.0,50.0,32.0,69.1,5.7,,,2015
San Diego State,MWC,39,31,113.3,106.7,0.6455,55.8,53.0,12.4,17.0,32.3,23.3,46.1,48.1,52.1,47.5,30.4,31.4,64.6,12.8,,,2015
Dayton,A10,38,17,119.8,96.2,0.8946,56.2,43.8,17.7,23.9,29.6,25.3,25.6,32.0,52.0,54.1,38.8,24.9,54.6,-1.5,S16,11.0,2015
Arkansas,SEC,30,15,89.6,94.3,0.3952,50.0,40.1,15.4,23.0,24.7,30.1,23.8,37.9,49.2,52.4,22.6,26.1,71.8,1.0,,,2015
Purdue,B10,39,29,104.1,98.8,0.6174,50.7,52.7,15.7,17.3,24.6,28.9,40.0,25.4,55.9,46.8,30.2,26.8,66.0,7.8,,,2015
Alabama,SEC,39,14,115.1,95.8,0.8524,43.1,43.2,17.0,17.8,35.2,24.5,41.7,20.7,57.0,43.7,35.4,29.2,78.7,-3.7,Champions,1.0,2015
Arizona,P12,28,27,115.6,92.1,0.8945,54.9,51.9,18.3,20.3,29.7,20.8,31.1,37.9,46.2,35.7,39.3,30.2,63.6,12.2,S16,8.0,2015
Memphis,Amer,32,31,115.1,100.8,0.7848,43.2,47.0,11.4,27.1,26.9,30.3,42.4,29.5,55.1,51.0,34.2,35.6,79.1,15.2,,,2015
Saint Louis,A10,36,34,114.7,107.1,0.667,44.8,44.9,14.2,22.4,24.6,16.5,39.2,31.5,54.9,48.6,34.7,39.9,60.8,17.5,,,2015
Stanford,P12,28,20,110.2,96.0,0.7852,47.9,50.0,14.5,19.8,26.9,17.8,34.1,21.9,60.0,35.9,23.2,30.2,72.9,6.9,,,2016
San Francisco,WCC,36,32,128.4,117.1,0.7362,51.2,46.4,17.0,23.9,13.0,26.1,38.1,28.7,56.3,40.5,40.7,28.3,60.8,11.1,,,2016
Austin Peay,OVC,36,31,124.9,87.2,0.9684,42.9,46.7,18.1,21.9,36.9,18.7,50.1,22.8,59.1,46.0,36.7,37.8,62.0,13.3,S16,8.0,2016
Texas Tech,B12,36,26,112.7,91.7,0.8709,40.6,42.0,15.9,23.1,31.5,27.4,27.3,28.3,56.6,50.7,33.7,30.9,65.9,10.2,Champions,1.0,2016
Louisville,ACC,39,31,139.7,106.3,0.954,47.9,50.4,21.8,15.8,24.5,30.0,37.0,27.4,47.4,54.1,27.7,28.3,64.9,12.3,,,2016
Marquette,BE,38,16,101.1,95.5,0.6243,52.6,49.8,13.8,21.0,34.5,21.6,43.7,29.4,61.7,45.6,43.6,30.2,66.0,-0.2,,,2016
Villanova,BE,29,21,116.1,77.0,0.9721,51.0,48.2,12.1,19.9,31.7,31.3,29.6,28.6,57.7,45.2,42.3,28.4,64.4,6.3,E8,3.0,2016
Miami,ACC,30,28,118.6,93.8,0.9051,49.1,50.5,14.2,10.7,31.6,30.0,28.1,32.9,52.6,43.8,40.5,33.9,75.6,9.0,Champions,1.0,2016
Texas,B12,37,28,109.5,83.2,0.916,44.9,41.4,19.3,21.2,24.9,32.9,33.1,32.0,51.4,50.0,33.7,34.4,74.8,8.9,S16,8.0,2016
Xavier,BE,29,10,96.9,96.9,0.4994,48.1,53.2,20.5,20.0,36.0,33.8,35.5,31.4,53.2,49.4,39.1,36.5,66.2,-1.1,,,2016
Saint Louis,A10,32,22,94.0,92.0,0.5462,49.4,52.6,14.4,17.2,25.9,35.5,47.7,31.9,52.8,54.1,33.7,27.8,56.9,9.5,,,2016
Dayton,A10,28,20,95.6,88.6,0.6535,46.3,45.6,12.5,19.2,39.0,34.4,37.4,20.5,49.3,52.7,22.5,36.2,62.7,4.7,,,2016
West Virginia,B12,36,27,93.3,97.1,0.4157,53.9,42.8,16.5,14.9,22.9,25.9,40.0,25.5,54.2,48.9,31.5,38.6,73.8,11.5,,,2016
TCU,B12,29,18,111.1,82.1,0.9335,47.2,44.0,14.3,18.4,33.7,24.1,36.2,30.5,51.2,55.0,35.8,28.3,56.8,3.9,R64,5.0,2016
Murray State,OVC,35,12,120.9,110.6,0.7184,52.7,45.4,12.9,14.9,30.2,32.2,49.8,25.5,46.6,47.5,36.4,27.2,75.0,-5.2,,,2016
Indiana,B10,39,26,118.7,95.4,0.8933,47.3,47.9,21.1,15.9,23.2,29.5,39.9,32.1,47.0,41.3,28.6,34.5,66.5,10.9,2ND,3.0,2016
Michigan,B10,34,13,112.7,80.7,0.9484,44.0,51.6,19.3,21.8,39.4,23.4,43.6,41.8,52.8,46.6,34.8,26.4,68.8,-4.8,R32,4.0,2016
Baylor,B12,37,20,107.0,81.4,0.9112,47.7,47.1,10.6,22.9,31.1,29.0,29.4,27.1,52.9,53.3,28.7,33.6,81.5,4.2,,,2016
Illinois,B10,28,11,113.0,91.0,0.8806,47.5,44.9,16.6,13.8,22.5,21.7,38.7,40.4,46.5,48.6,30.3,32.1,63.2,-7.2,Champions,1.0,2016
Nevada,MWC,32,18,111.2,100.2,0.7321,41.9,52.7,18.2,20.5,32.6,20.1,50.3,18.1,51.9,55.4,33.1,31.9,73.7,1.5,,,2016
Creighton,BE,37,34,114.4,79.8,0.9589,43.6,45.1,21.7,23.1,24.5,23.8,33.1,31.0,53.3,52.6,27.5,38.5,78.0,17.0,2ND,4.0,2016
VCU,A10,31,16,112.0,98.2,0.7781,51.7,46.2,12.7,20.3,33.8,29.9,43.0,45.0,61.8,48.7,49.1,22.1,70.4,1.8,,,2016
Clemson,ACC,37,19,87.3,105.7,0.1575,44.0,48.2,9.5,11.2,40.0,20.2,27.5,26.6,49.4,46.5,25.7,33.5,77.4,2.6,,,2016
Gonzaga,WCC,29,28,96.7,77.7,0.8494,55.3,50.8,13.0,12.8,26.5,21.4,30.1,30.6,44.7,44.6,20.3,26.9,62.6,13.5,,,2016
Kansas,B12,30,14,105.8,98.0,0.6697,52.6,55.4,18.1,16.4,34.1,26.7,39.3,22.4,48.4,41.4,31.4,32.3,63.4,-1.9,,,2016
Iowa,B10,36,21,114.2,98.7,0.8036,56.2,52.8,11.1,12.5,28.0,22.2,35.0,21.6,48.9,49.8,43.4,32.8,78.5,1.6,,,2016
Morehead State,OVC,36,34,120.1,95.4,0.9043,51.5,46.6,19.7,14.4,35.0,27.6,40.3,33.4,52.2,46.3,38.4,32.0,69.1,12.8,E8,6.0,2016
Purdue,B10,34,10,96.7,108.9,0.2471,48.4,47.2,20.3,18.1,31.0,32.0,22.0,33.9,63.5,47.9,36.8,31.9,58.8,-5.3,,,2016
Wake Forest,ACC,28,13,118.1,98.5,0.8564,58.1,45.2,15.9,13.8,34.8,27.9,20.8,17.7,56.4,55.3,38.9,24.7,75.6,-1.3,2ND,4.0,2016
Arkansas,SEC,35,21,103.3,86.4,0.823,53.9,52.7,12.3,17.5,16.7,19.4,30.5,29.1,51.0,48.9,33.2,38.4,66.7,1.6,,,2016
Saint Mary's,WCC,37,25,104.8,76.6,0.9289,48.8,50.1,19.7,26.8,21.5,23.3,57.7,28.7,65.0,52.2,30.5,25.1,81.5,4.4,2ND,2.0,2016
Memphis,Amer,33,32,101.9,94.4,0.6643,47.1,54.5,14.8,22.4,35.7,17.1,41.5,20.5,47.0,49.8,21.9,28.6,74.1,17.6,,,2016
LSU,SEC,29,15,102.4,91.1,0.7363,47.1,43.8,19.6,12.0,31.1,27.8,35.1,30.8,41.8,53.1,35.9,39.5,75.4,3.0,,,2016
Davidson,A10,39,38,113.0,95.4,0.832,54.3,51.4,20.8,16.5,33.2,19.8,33.9,29.8,45.6,46.0,31.1,37.1,66.0,18.4,,,2016
Florida,SEC,35,24,96.4,99.1,0.4381,40.9,47.3,13.8,13.1,26.3,26.1,33.2,33.9,59.3,48.5,30.4,42.5,70.4,7.0,,,2016
San Diego State,MWC,32,27,100.4,73.3,0.9219,46.2,37.4,12.6,21.0,28.6,25.9,23.8,25.1,55.6,62.3,29.4,45.4,71.5,10.5,S16,10.0,2016
Auburn,SEC,28,24,104.9,89.1,0.8078,48.3,45.7,14.8,14.2,36.0,31.2,37.1,40.0,58.6,51.2,30.2,27.8,74.3,10.7,,,2016
Oregon,P12,39,33,117.8,85.4,0.95,57.8,43.9,20.4,15.2,41.3,19.3,28.1,25.8,56.9,47.4,40.6,25.3,58.8,17.0,R64,15.0,2016
Arizona,P12,29,12,91.7,84.2,0.6648,52.1,45.5,20.2,17.9,28.6,27.8,36.4,25.5,61.3,42.8,32.0,21.7,64.5,0.2,,,2016
Cincinnati,Amer,35,16,102.8,81.9,0.8695,51.1,41.6,18.3,22.3,31.7,31.2,40.5,28.4,49.2,51.9,33.2,37.2,66.0,-2.7,,,2016
UCLA,P12,37,16,114.2,96.7,0.8311,50.1,47.5,13.9,16.0,37.0,29.6,29.6,20.4,53.2,42.0,28.3,42.7,64.0,-0.3,,,2016
Oklahoma,B12,30,26,114.0,96.8,0.827,53.7,49.1,11.9,16.9,17.5,20.6,32.9,27.6,46.0,44.7,39.5,36.4,65.0,9.0,,,2016
North Carolina,ACC,39,36,104.1,78.9,0.9087,50.0,53.7,15.1,18.7,31.3,33.3,20.1,23.0,56.6,59.2,29.3,51.9,68.6,17.7,S16,15.0,2016
SMU,Amer,28,19,116.7,75.2,0.9774,47.7,48.5,14.9,13.9,24.4,30.0,33.5,35.1,52.9,45.9,34.8,17.7,71.8,5.7,,,2016
BYU,WCC,32,12,91.2,89.6,0.5357,45.9,54.8,15.0,25.5,33.7,27.7,41.4,27.8,55.1,50.7,37.0,30.7,68.0,-3.8,,,2016
Syracuse,ACC,34,13,109.6,89.7,0.8596,46.7,50.6,20.0,17.5,35.6,24.6,29.2,29.5,48.7,58.0,42.6,32.5,60.4,-1.7,2ND,3.0,2016
Iowa State,B12,35,11,107.7,84.9,0.8886,54.3,41.1,12.4,16.9,34.9,36.0,29.4,31.7,41.8,49.3,37.8,28.0,76.6,-2.4,R32,6.0,2016
Virginia,ACC,35,20,132.2,99.3,0.9522,45.1,47.8,19.1,14.4,27.0,26.3,36.2,38.4,53.3,46.8,34.7,31.9,55.2,6.0,,,2016
Duke,ACC,33,31,135.6,96.8,0.9714,52.0,44.1,13.4,20.0,32.7,26.0,30.5,28.9,41.9,45.8,28.3,26.6,79.5,17.0,,,2016
Ohio State,B10,28,18,109.4,93.8,0.805,53.9,45.9,18.5,14.3,32.4,32.1,23.2,31.8,53.7,45.1,30.6,42.7,75.0,4.5,,,2016
Kentucky,SEC,29,23,112.3,93.8,0.843,55.4,45.5,16.6,9.9,21.4,23.0,28.3,32.8,44.0,45.7,29.6,36.2,74.9,5.1,,,2016
Tennessee,SEC,39,22,125.4,107.0,0.8425,53.7,48.7,17.4,19.7,34.9,30.8,38.8,33.6,56.8,45.5,40.0,40.8,71.9,0.2,,,2016
Houston,Amer,38,19,118.9,103.3,0.8045,50.0,49.3,13.7,28.8,28.4,27.5,28.6,25.1,46.0,41.7,37.8,32.5,71.9,-0.6,,,2016
Alabama,SEC,39,29,141.2,110.3,0.9432,50.4,51.6,20.9,27.1,24.2,33.0,34.9,29.1,56.3,45.9,24.3,31.5,76.3,11.5,S16,1.0,2016
Belmont,OVC,37,25,99.9,97.4,0.5556,46.8,48.3,14.4,14.0,30.3,21.9,38.2,24.6,44.5,58.7,35.9,38.3,66.5,6.4,,,2016
Michigan State,B10,36,11,115.5,93.8,0.8778,49.8,51.7,16.6,13.4,30.2,24.4,39.3,24.1,45.8,46.7,26.0,28.4,67.5,-7.0,,,2016
Utah State,MWC,35,26,122.0,100.6,0.8756,54.2,48.8,19.7,16.7,30.9,34.0,29.3,32.9,54.5,47.5,36.4,29.5,81.1,6.6,E8,5.0,2016
Mississippi State,SEC,28,23,100.1,118.1,0.1633,56.8,38.5,15.6,15.8,30.5,33.5,31.8,29.2,54.1,53.9,32.6,31.7,72.1,9.4,,,2016
Colorado State,MWC,30,10,102.9,85.8,0.826,49.9,48.9,16.4,16.0,21.1,22.2,34.6,31.9,54.5,50.3,29.3,34.8,65.3,-0.4,,,2016
Wisconsin,B10,31,11,99.0,107.3,0.3195,51.5,46.3,15.2,22.2,25.6,29.4,43.7,29.3,50.4,48.1,44.6,24.3,71.3,-5.4,,,2016
Murray State,OVC,32,21,110.7,65.1,0.9845,48.4,41.9,18.1,16.4,26.1,27.7,24.0,33.7,44.3,47.0,44.3,32.7,62.5,3.5,E8,3.0,2017
Kentucky,SEC,31,24,127.0,91.5,0.9619,53.4,39.9,16.8,13.8,34.2,23.1,41.1,31.4,50.1,39.1,29.6,29.8,62.6,4.7,E8,2.0,2017
Xavier,BE,34,32,116.2,105.6,0.7249,50.2,47.8,12.8,19.1,31.7,19.0,42.5,24.3,59.7,54.7,31.0,31.3,77.4,15.0,,,2017
Baylor,B12,31,14,126.3,93.8,0.9506,46.1,56.3,14.0,8.6,27.3,38.6,29.9,29.6,53.6,51.2,37.8,36.3,62.4,-2.5,R32,13.0,2017
Austin Peay,OVC,30,26,114.5,98.9,0.8051,50.7,53.0,12.5,15.5,30.0,31.0,18.6,35.5,58.0,49.4,34.4,39.6,71.1,8.9,,,2017
Oregon,P12,29,22,99.5,112.4,0.2374,54.0,50.4,12.0,22.3,34.4,26.1,28.3,31.6,45.6,48.6,40.1,33.0,65.6,6.1,,,2017
Gonzaga,WCC,36,19,107.7,92.7,0.7968,49.1,44.3,13.5,14.7,33.2,22.1,36.8,29.9,60.3,53.6,36.5,39.8,74.6,0.8,,,2017
Wisconsin,B10,30,10,106.1,95.2,0.7306,40.1,49.2,23.2,23.7,27.3,31.3,37.5,29.6,48.2,48.6,25.3,39.7,76.6,-7.1,,,2017
Florida,SEC,35,24,119.9,86.4,0.9546,46.1,48.6,18.1,21.3,25.3,27.0,21.7,35.9,54.0,42.8,39.5,41.6,56.2,5.3,R64,14.0,2017
Ohio State,B10,28,14,113.6,99.6,0.7809,48.2,53.5,14.6,24.0,22.7,31.5,35.3,34.3,45.2,53.4,39.2,33.1,51.3,1.5,,,2017
Texas Tech,B12,35,31,127.8,95.5,0.9497,55.3,46.4,18.2,20.2,32.4,23.9,48.5,40.4,46.1,49.2,38.3,36.8,65.5,13.6,2ND,3.0,2017
Utah State,MWC,35,19,117.1,93.9,0.8918,53.6,51.8,16.8,23.8,29.9,31.9,46.0,20.3,50.7,43.6,41.4,33.8,83.2,-0.1,R32,10.0,2017
Virginia,ACC,38,16,111.1,95.3,0.8081,44.7,46.2,11.4,9.1,40.0,31.7,25.9,30.9,59.5,50.4,35.6,30.0,66.1,-3.3,,,2017
Wake Forest,ACC,37,12,104.2,112.8,0.3131,50.0,42.1,20.1,22.6,27.6,23.5,29.1,25.5,36.2,46.1,35.5,36.3,62.7,-6.0,,,2017
Miami,ACC,32,27,104.4,108.4,0.4105,42.2,46.2,11.5,18.9,27.8,37.2,30.8,18.6,53.4,53.8,35.0,34.3,73.2,13.4,,,2017
Duke,ACC,29,15,111.7,86.1,0.9114,56.2,40.4,19.4,18.9,30.1,28.6,29.5,25.5,53.3,46.1,29.2,38.5,76.4,3.1,E8,1.0,2017
Creighton,BE,36,35,101.2,93.2,0.6749,48.3,49.8,19.3,17.6,37.1,27.2,23.1,25.6,52.6,48.3,22.9,22.0,61.4,17.1,,,2017
West Virginia,B12,38,34,105.8,89.3,0.8177,53.0,48.8,9.2,21.6,43.1,37.5,42.4,31.4,49.8,43.1,34.3,24.3,70.1,17.0,,,2017
Memphis,Amer,33,31,116.9,98.0,0.8489,44.3,49.9,16.0,15.3,23.3,21.4,34.5,38.2,47.9,58.4,35.9,31.7,63.0,11.3,,,2017
LSU,SEC,35,25,108.8,89.9,0.8476,51.7,47.3,17.1,13.2,26.2,34.5,31.2,43.0,53.5,51.0,26.0,32.4,60.4,6.7,,,2017
Morehead State,OVC,32,23,116.0,85.8,0.9395,40.1,42.4,15.2,16.7,46.3,35.9,48.8,40.2,50.2,56.5,35.7,35.3,79.2,7.1,R64,13.0,2017
Saint Mary's,WCC,39,18,99.5,81.3,0.8394,47.8,48.4,15.4,9.0,27.8,24.8,24.5,32.1,47.1,56.9,39.3,26.4,71.1,-2.9,,,2017
Belmont,OVC,38,13,113.2,105.4,0.6712,49.4,42.5,18.2,10.3,27.5,31.0,48.9,28.7,55.8,53.4,40.0,24.0,71.3,-4.4,,,2017
Purdue,B10,37,24,108.4,113.4,0.388,52.3,48.3,20.1,18.9,40.8,22.8,26.7,28.0,49.4,47.2,38.6,30.9,71.7,5.3,,,2017
Stanford,P12,37,21,109.5,88.0,0.876,58.2,46.6,16.9,17.7,26.2,28.7,26.6,27.0,55.5,49.0,39.2,29.2,75.8,3.9,E8,6.0,2017
Oklahoma,B12,30,24,98.3,115.4,0.175,47.6,46.2,16.2,13.8,28.9,32.8,31.3,31.6,49.1,43.3,38.7,33.7,74.8,9.2,,,2017
Auburn,SEC,34,20,128.0,94.3,0.9555,45.7,54.2,16.4,19.0,15.3,23.6,34.2,35.9,55.6,51.6,34.5,24.4,74.4,-1.0,R64,10.0,2017
San Diego State,MWC,38,14,119.2,90.7,0.9298,48.1,43.7,15.5,20.3,38.1,20.5,42.6,25.4,54.7,55.2,26.4,24.0,69.9,-0.9,,,2017
Saint Louis,A10,29,23,100.9,92.2,0.687,58.8,41.6,17.5,19.8,28.7,23.5,47.5,43.9,48.7,41.6,25.6,40.0,72.2,10.8,,,2017
Indiana,B10,37,27,123.9,77.4,0.9856,49.9,48.7,13.0,19.0,44.4,26.0,35.2,35.9,50.2,44.8,29.0,30.3,57.6,8.2,2ND,3.0,2017
Davidson,A10,29,12,128.6,96.6,0.9483,43.9,48.9,18.3,13.3,33.2,36.5,27.9,34.7,48.6,51.0,25.9,35.4,61.7,-2.4,,,2017
Arizona,P12,30,29,104.2,104.0,0.5047,45.2,44.5,16.9,22.0,35.6,29.8,33.0,26.4,45.6,49.7,30.3,28.8,70.4,14.9,,,2017
Texas,B12,37,28,107.9,93.8,0.7831,48.9,49.0,13.6,7.4,29.6,17.0,34.5,43.7,48.1,42.8,47.7,36.7,56.0,11.3,,,2017
Syracuse,ACC,29,17,104.2,82.0,0.8825,50.7,48.8,13.9,18.7,30.9,24.4,15.5,33.2,48.8,62.0,33.2,41.4,43.5,3.1,Champions,1.0,2017
SMU,Amer,33,18,127.9,95.2,0.9514,58.9,55.3,16.5,23.1,27.2,28.5,21.1,27.5,51.7,58.9,51.0,31.2,77.9,1.1,2ND,1.0,2017
VCU,A10,28,25,111.8,110.3,0.5345,54.6,47.6,15.7,18.7,34.6,30.2,31.9,39.8,52.3,47.1,27.8,35.9,55.9,10.3,,,2017
BYU,WCC,31,27,87.8,83.0,0.6089,54.3,48.1,16.6,22.7,28.8,24.0,34.0,26.8,54.3,43.6,36.4,32.1,67.8,12.9,,,2017
TCU,B12,36,11,108.6,127.1,0.1559,44.9,48.7,12.1,10.5,31.2,28.3,31.6,29.7,47.4,51.5,38.0,31.0,55.6,-3.4,,,2017
Cincinnati,Amer,29,18,114.7,100.3,0.7866,47.7,52.8,13.2,18.5,38.2,35.4,49.1,39.2,43.3,46.8,25.9,38.5,67.0,6.4,,,2017
Illinois,B10,31,26,112.3,97.6,0.7921,47.9,43.4,18.6,13.9,29.4,30.8,36.9,28.9,59.1,48.5,38.9,37.9,61.8,12.4,,,2017
Clemson,ACC,38,10,126.1,84.5,0.9777,42.3,52.0,17.2,19.4,34.1,24.0,30.4,32.2,57.8,53.7,27.5,33.3,58.0,-5.5,Champions,1.0,2017
UCLA,P12,38,25,92.4,86.2,0.6374,53.1,44.5,16.6,12.5,32.3,20.6,43.3,27.2,57.2,51.1,37.3,39.7,72.7,6.5,,,2017
San Francisco,WCC,38,15,124.9,84.4,0.9756,45.2,44.8,15.0,17.6,38.4,27.3,27.0,33.3,55.1,47.8,45.7,34.2,72.4,-2.2,E8,6.0,2017
Villanova,BE,33,12,118.6,89.7,0.9323,45.9,48.2,12.9,13.0,25.0,24.3,37.8,27.6,61.0,51.3,34.1,27.5,76.3,-5.1,S16,5.0,2017
Michigan,B10,30,14,102.5,86.2,0.8157,55.4,49.1,12.5,15.6,43.3,27.7,47.0,18.6,50.6,53.8,43.2,36.1,68.2,-2.7,,,2017
North Carolina,ACC,28,14,132.3,85.9,0.9854,43.6,39.9,16.5,18.0,34.9,30.0,34.5,31.6,57.2,45.8,23.6,36.0,75.9,0.6,S16,15.0,2017
Marquette,BE,30,12,112.2,116.9,0.3949,48.0,55.5,15.8,17.4,19.9,27.3,42.2,36.4,56.9,47.5,37.1,33.7,65.3,-4.9,,,2017
Nevada,MWC,39,22,116.9,89.0,0.9262,49.8,44.2,11.7,20.1,33.4,34.6,30.9,30.1,48.2,45.7,32.6,32.3,71.1,1.1,S16,1.0,2017
Michigan State,B10,34,32,98.2,91.5,0.6481,45.3,44.9,15.8,15.0,30.5,27.6,40.3,39.0,49.6,44.1,33.8,39.1,63.1,15.6,,,2017
Houston,Amer,36,27,96.6,94.0,0.5594,57.7,51.1,18.6,19.8,37.0,27.2,40.2,25.2,51.2,44.8,31.8,23.1,67.9,7.4,,,2017
Iowa State,B12,33,10,111.6,91.2,0.8645,43.1,49.2,17.1,10.9,34.4,21.0,39.2,26.6,39.0,58.3,23.4,31.6,68.8,-7.3,,,2017
Kansas,B12,31,24,106.4,88.3,0.8381,53.3,44.8,17.2,18.5,23.5,27.9,26.4,21.6,49.6,49.0,36.6,30.4,68.4,4.8,,,2017
Dayton,A10,31,17,122.1,94.7,0.9234,46.2,50.5,12.5,16.9,32.6,30.3,32.5,26.7,45.1,53.9,33.3,26.8,78.6,3.1,R32,8.0,2017
Iowa,B10,34,10,111.5,113.7,0.4501,56.1,41.3,16.0,17.9,27.0,22.8,37.2,29.6,64.0,52.3,36.3,15.1,60.2,-5.0,,,2017
Louisville,ACC,35,29,105.5,88.0,0.8311,49.3,46.3,17.0,20.3,28.8,28.5,42.7,33.8,52.3,51.2,34.2,30.8,63.0,11.7,,,2017
Mississippi State,SEC,39,24,102.9,110.1,0.3423,55.2,48.5,18.1,14.8,34.5,18.9,26.0,35.6,41.3,47.2,48.7,32.4,67.7,5.1,,,2017
Arkansas,SEC,36,31,124.8,97.3,0.9245,47.8,49.8,18.0,23.2,34.0,30.0,28.0,33.3,49.3,47.9,37.3,32.7,79.6,14.2,R64,9.0,2017
Alabama,SEC,36,22,118.6,88.7,0.938,35.3,49.6,12.4,21.8,27.3,39.1,41.6,30.9,51.3,47.7,41.9,30.1,80.8,7.8,S16,6.0,2017
Colorado State,MWC,31,17,104.3,79.6,0.9035,46.8,46.5,17.9,25.0,40.2,29.5,36.6,26.8,57.8,45.7,30.0,45.6,69.8,-1.0,,,2017
Tennessee,SEC,35,26,114.3,90.8,0.8943,41.2,52.2,19.3,15.9,27.8,17.7,36.1,21.7,48.0,52.8,29.9,31.2,64.3,9.5,R32,10.0,2017
West Virginia,B12,31,25,124.4,106.4,0.8362,55.0,47.7,16.1,15.7,28.5,24.6,30.9,29.1,44.7,45.6,40.3,39.5,79.4,12.2,,,2018
Alabama,SEC,28,22,116.1,92.1,0.8987,57.7,45.2,14.1,9.7,41.0,30.7,16.5,33.3,53.3,50.7,33.8,39.7,78.6,7.5,R64,12.0,2018
TCU,B12,29,24,110.6,93.5,0.8259,51.9,49.7,16.9,15.1,32.1,25.2,35.5,28.7,52.7,39.8,34.2,34.2,84.1,6.1,,,2018
Stanford,P12,31,30,123.6,103.5,0.8614,47.1,49.0,15.0,14.8,33.1,27.5,34.7,28.7,37.0,51.3,34.8,28.7,66.1,14.7,,,2018
Arizona,P12,39,22,114.9,86.2,0.9314,56.6,46.8,15.5,25.5,37.7,32.0,40.0,33.7,52.3,48.3,28.8,42.2,57.0,3.2,Champions,1.0,2018
Xavier,BE,32,25,114.9,103.5,0.7367,43.9,51.5,16.2,23.1,39.3,26.5,26.2,39.3,58.0,43.2,46.5,32.9,72.5,12.0,,,2018
Villanova,BE,36,12,120.5,90.1,0.9408,56.6,51.1,15.2,18.5,36.6,40.6,55.4,42.2,50.5,43.2,43.1,36.6,56.9,-3.0,,,2018
Iowa State,B12,30,20,99.0,84.7,0.7862,55.5,55.9,17.4,21.4,28.9,27.1,42.8,25.4,54.4,58.1,38.2,39.6,54.8,8.0,,,2018
Saint Louis,A10,28,19,112.2,96.4,0.8085,51.9,51.3,21.0,21.0,32.4,35.8,42.7,33.5,49.4,54.3,28.9,22.7,59.1,6.1,,,2018
Davidson,A10,39,12,101.5,109.5,0.3267,48.7,40.9,18.9,12.2,39.9,22.0,48.8,33.9,60.1,40.7,36.1,34.4,74.2,-8.3,,,2018
Baylor,B12,28,25,93.6,81.2,0.7565,44.3,43.4,19.0,15.3,29.9,23.6,31.1,32.3,46.3,49.6,32.0,34.6,75.9,9.7,,,2018
Saint Mary's,WCC,36,16,125.2,111.2,0.7805,52.4,48.1,16.3,21.0,26.1,22.5,36.0,30.8,48.8,46.5,40.3,33.5,80.8,-2.8,,,2018
Auburn,SEC,38,23,109.9,96.0,0.7794,54.6,50.1,18.1,27.8,30.9,25.5,21.1,31.7,48.5,43.1,38.4,25.5,62.7,2.8,,,2018
Houston,Amer,37,10,96.5,121.6,0.0932,47.8,50.5,18.7,16.7,35.0,29.0,34.7,27.8,54.5,51.3,33.6,35.6,71.8,-10.0,,,2018
Virginia,ACC,39,27,96.2,97.4,0.4728,55.6,46.6,16.8,13.6,34.0,24.5,38.6,33.8,34.8,51.2,42.1,29.5,83.7,2.8,,,2018
Arkansas,SEC,30,14,115.5,90.2,0.9088,47.2,45.2,18.5,18.9,37.6,35.0,41.8,36.6,49.7,50.3,25.3,31.9,67.8,-4.4,E8,3.0,2018
Morehead State,OVC,36,32,106.3,117.1,0.2727,54.7,42.5,19.4,10.4,30.8,28.8,36.5,34.4,47.7,41.7,40.3,31.7,55.4,16.1,,,2018
BYU,WCC,37,24,131.4,90.9,0.9754,58.1,51.6,12.3,19.5,30.3,32.9,44.1,41.4,57.4,46.5,37.4,26.9,56.7,9.3,R64,10.0,2018
Texas,B12,39,33,108.9,98.2,0.7258,46.5,48.4,14.9,12.1,35.6,22.7,45.4,25.9,48.7,42.9,48.5,34.7,68.4,10.0,,,2018
Illinois,B10,31,28,79.7,110.7,0.0565,46.0,48.5,12.7,16.0,31.9,32.2,39.7,30.1,61.0,48.0,33.2,28.4,68.9,13.5,,,2018
Memphis,Amer,30,12,106.4,117.1,0.2731,50.4,48.0,12.9,26.1,26.3,34.4,40.7,26.7,43.2,42.6,32.9,29.2,73.7,-2.4,,,2018
Dayton,A10,36,15,104.2,81.6,0.8867,50.8,50.6,10.7,15.9,25.4,28.4,27.2,27.1,55.7,46.6,33.0,25.1,63.6,-3.5,2ND,2.0,2018
Wisconsin,B10,31,14,104.3,88.8,0.8038,53.4,40.3,10.4,18.0,19.9,36.4,38.5,25.6,53.4,49.2,36.6,25.9,48.2,-7.0,,,2018
Cincinnati,Amer,28,10,103.6,113.8,0.2837,50.7,45.1,12.9,17.7,33.9,25.2,38.8,38.8,55.6,43.3,48.0,31.3,59.9,-2.1,,,2018
Iowa,B10,38,30,85.9,96.4,0.2775,46.1,47.3,17.8,19.6,22.2,30.0,31.6,31.2,48.5,44.1,33.1,34.2,70.0,15.2,,,2018
San Francisco,WCC,36,35,114.8,97.6,0.8261,50.8,44.6,19.2,28.3,32.7,30.3,37.1,28.9,58.4,42.3,43.2,23.4,42.7,16.4,,,2018
VCU,A10,31,10,134.0,97.3,0.9656,46.1,48.0,16.9,21.1,28.9,34.7,26.0,32.9,56.8,51.4,38.3,34.3,55.1,-5.4,Champions,1.0,2018
Gonzaga,WCC,30,25,132.4,96.9,0.9618,58.0,42.1,16.3,19.3,39.7,26.6,31.6,29.3,53.7,45.4,45.1,32.7,65.8,12.5,Champions,1.0,2018
San Diego State,MWC,36,31,120.2,102.1,0.8387,51.9,51.0,6.8,18.9,41.3,30.1,50.0,21.9,56.9,46.0,35.9,27.6,56.8,11.5,,,2018
Oklahoma,B12,38,11,109.8,97.7,0.7511,48.6,43.5,19.2,12.7,37.0,37.3,28.6,36.5,57.2,45.8,29.4,41.5,60.1,-12.7,,,2018
UCLA,P12,39,19,98.2,121.6,0.1067,54.8,55.7,10.0,20.2,26.8,28.1,34.4,28.0,43.8,47.2,44.2,20.4,83.7,-1.8,,,2018
Nevada,MWC,37,35,111.3,82.5,0.9319,50.9,53.7,15.2,17.1,26.3,34.7,35.0,26.5,58.0,48.6,28.5,28.8,62.4,19.9,,,2018
Indiana,B10,38,16,121.2,90.7,0.9408,46.4,40.7,13.5,17.5,28.8,22.7,46.4,25.0,51.3,56.9,49.4,29.9,67.5,1.4,2ND,4.0,2018
LSU,SEC,38,10,110.2,102.1,0.6756,59.2,44.7,18.8,14.5,35.8,18.5,23.1,29.4,46.4,45.0,30.0,39.8,89.2,-9.2,,,2018
Clemson,ACC,39,27,109.1,87.8,0.8739,43.9,45.6,15.4,20.8,26.9,23.0,18.2,42.8,51.6,50.8,27.5,30.6,69.3,4.7,,,2018
SMU,Amer,37,10,120.4,99.4,0.8706,51.2,54.9,15.2,16.4,32.7,37.5,21.9,25.0,46.9,44.9,32.2,32.8,72.9,-10.4,S16,12.0,2018
Miami,ACC,33,18,102.5,98.3,0.5946,46.8,47.9,15.8,14.9,31.8,25.8,31.8,24.8,54.1,47.4,29.6,38.3,86.0,3.1,,,2018
Syracuse,ACC,29,26,118.2,76.7,0.9775,45.0,46.5,17.5,15.5,28.0,28.3,19.2,40.5,44.5,41.4,42.5,43.2,67.6,12.1,Champions,1.0,2018
Louisville,ACC,28,11,98.5,90.5,0.6737,47.4,50.1,11.7,14.3,31.9,23.9,43.6,28.2,50.6,45.3,38.0,32.6,61.2,-0.8,,,2018
Kentucky,SEC,32,23,111.5,89.7,0.8795,55.9,40.6,20.1,14.6,35.7,31.6,35.6,29.0,44.1,53.3,38.6,33.4,80.7,9.2,R32,13.0,2018
Kansas,B12,34,22,101.5,98.1,0.5764,41.5,43.1,17.8,18.6,38.8,22.0,39.1,26.2,54.4,48.5,44.5,34.7,62.2,5.3,,,2018
Duke,ACC,38,31,106.7,95.4,0.7354,47.7,41.2,20.5,20.9,27.8,25.7,41.2,25.0,58.7,47.1,35.2,36.2,56.9,13.2,,,2018
Creighton,BE,36,12,87.9,76.3,0.7416,56.0,50.5,16.9,28.0,26.3,33.5,38.6,31.7,64.1,51.9,31.4,35.2,66.0,-5.9,,,2018
Marquette,BE,36,26,108.9,95.8,0.7675,53.5,51.7,16.3,16.0,38.0,22.3,40.3,27.0,44.9,51.3,45.8,36.1,57.7,8.3,,,2018
Colorado State,MWC,28,13,78.9,91.3,0.246,42.1,41.4,15.4,18.0,21.9,29.6,33.6,35.0,45.3,49.5,31.1,30.0,65.5,0.1,,,2018
Wake Forest,ACC,38,30,76.7,115.0,0.0298,43.0,49.2,15.8,21.7,26.2,17.0,30.6,32.3,55.8,40.5,20.2,38.5,71.0,12.9,,,2018
Belmont,OVC,39,31,131.0,99.6,0.9454,58.5,48.2,26.5,12.8,40.6,23.4,28.4,42.6,47.4,54.2,36.4,37.5,69.9,10.8,,,2018
Michigan,B10,39,26,103.5,106.7,0.4277,54.1,50.6,18.8,18.8,34.7,32.2,24.1,28.1,58.7,50.5,29.1,39.2,68.9,8.3,,,2018
Purdue,B10,38,35,103.2,97.1,0.634,49.4,44.9,14.1,20.7,35.4,28.3,41.2,29.6,54.1,52.9,30.1,32.0,50.0,14.5,,,2018
Texas Tech,B12,37,30,104.4,84.2,0.8625,44.4,53.6,14.1,21.7,38.3,24.9,34.9,14.3,61.2,50.2,40.0,35.4,63.7,9.6,Champions,3.0,2018
Michigan State,B10,39,15,110.6,86.6,0.8989,50.4,44.5,18.0,22.2,26.6,27.3,40.9,25.3,44.2,46.1,49.0,35.9,82.8,-6.0,R32,9.0,2018
Florida,SEC,33,15,124.2,105.4,0.8461,47.5,46.6,17.8,19.5,35.7,28.1,31.6,38.3,53.8,39.2,30.8,35.1,71.1,-1.2,,,2018
Tennessee,SEC,37,20,108.1,101.2,0.652,51.0,51.5,20.3,16.4,33.2,36.7,44.9,39.3,44.7,48.1,35.4,29.6,61.4,5.1,,,2018
Ohio State,B10,28,20,120.6,102.6,0.8374,58.1,47.3,15.3,22.1,31.5,28.1,33.4,34.6,42.6,48.9,19.0,24.7,57.3,5.0,,,2018
Murray State,OVC,31,20,94.8,93.7,0.5238,51.6,53.3,16.4,19.7,32.0,34.3,27.1,30.4,50.0,43.1,50.0,36.8,73.4,4.7,,,2018
Austin Peay,OVC,37,21,108.6,94.0,0.7906,59.5,51.3,12.5,14.2,38.8,28.5,22.6,37.0,48.6,47.5,23.0,29.8,71.6,0.9,,,2018
North Carolina,ACC,30,10,104.0,85.2,0.8462,48.5,45.6,17.7,26.3,29.1,23.2,23.4,40.8,59.8,51.7,29.9,29.6,60.9,-4.1,,,2018
Utah State,MWC,28,11,96.9,88.2,0.6877,58.2,46.5,15.1,15.3,29.3,31.2,36.1,33.7,51.1,39.9,32.9,28.5,78.3,-5.8,,,2018
Oregon,P12,32,28,110.9,115.4,0.3981,47.9,48.1,24.6,20.4,38.3,33.2,26.5,25.2,52.8,55.1,23.8,28.1,75.9,13.7,,,2018
Mississippi State,SEC,38,13,133.1,115.1,0.8373,54.0,50.0,12.0,18.4,35.2,30.8,42.1,29.6,52.5,51.9,46.7,38.5,74.9,-5.1,,,2018
Xavier,BE,34,20,101.2,99.2,0.5448,48.1,49.6,19.3,19.1,34.4,31.2,41.6,40.7,64.7,55.3,47.6,26.5,63.9,1.3,,,2019
Murray State,OVC,35,22,87.3,97.3,0.287,54.2,44.0,16.7,16.1,38.0,31.6,33.8,28.7,54.9,57.1,26.6,26.1,60.6,0.2,,,2019
Clemson,ACC,31,26,124.6,79.5,0.9837,55.0,47.2,16.3,10.5,39.2,20.8,32.8,30.5,54.2,48.6,25.2,33.8,58.1,9.5,R64,9.0,2019
Gonzaga,WCC,32,15,110.3,106.2,0.5923,51.9,44.6,17.5,10.5,30.8,25.5,33.4,37.7,57.8,48.5,36.4,35.0,70.0,-0.2,,,2019
Belmont,OVC,31,17,123.5,74.2,0.9888,50.8,48.3,14.7,13.4,31.5,20.0,34.0,27.9,57.4,60.5,23.3,34.2,67.3,5.6,Champions,3.0,2019
Mississippi State,SEC,36,30,107.5,109.0,0.4669,42.2,50.9,20.0,7.1,34.8,40.4,29.8,37.4,55.9,51.9,29.8,35.8,80.6,11.3,,,2019
Alabama,SEC,31,13,93.4,98.9,0.3781,46.2,50.3,17.0,16.0,26.7,25.1,33.8,29.3,59.3,46.1,24.3,28.1,63.9,-1.1,,,2019
Nevada,MWC,32,13,105.7,90.9,0.7937,39.8,48.0,15.1,12.9,30.3,23.5,47.5,41.6,50.2,48.8,33.9,25.8,72.2,-4.6,,,2019
Duke,ACC,30,11,102.5,95.4,0.6561,41.1,46.6,13.3,24.8,30.7,28.9,27.1,29.9,45.9,53.9,38.1,24.2,66.4,-4.2,,,2019
Cincinnati,Amer,32,21,107.1,99.5,0.6654,47.1,47.6,18.5,21.2,28.3,24.6,27.3,31.3,48.8,48.0,27.0,28.5,72.5,1.9,,,2019
Houston,Amer,36,25,107.3,85.6,0.8781,47.4,47.1,14.0,16.0,43.6,27.5,40.2,34.6,50.2,49.1,45.9,35.3,69.5,2.9,R32,3.0,2019
North Carolina,ACC,30,27,120.5,87.5,0.9523,47.4,43.2,16.5,17.2,23.6,38.1,32.7,37.1,51.6,51.6,46.2,29.4,60.8,10.6,R64,2.0,2019
Virginia,ACC,39,25,114.0,109.2,0.6066,46.2,54.3,17.7,12.4,34.6,23.2,34.6,35.7,65.6,45.4,39.8,29.3,76.1,4.2,,,2019
Saint Louis,A10,38,13,130.5,113.6,0.8225,54.1,48.7,18.1,14.5,32.1,40.5,28.5,32.8,46.5,51.4,35.0,23.2,70.5,-4.4,,,2019
Ohio State,B10,29,25,103.2,96.6,0.6458,45.6,51.0,18.5,23.3,23.6,23.6,17.0,30.5,42.5,41.0,37.8,25.2,50.4,12.1,,,2019
Auburn,SEC,38,26,116.8,98.9,0.8365,51.1,50.4,15.5,16.9,36.3,28.4,47.2,32.9,46.5,45.4,39.6,34.8,62.9,9.5,,,2019
Tennessee,SEC,30,20,117.3,99.1,0.8397,49.0,40.8,12.6,19.0,36.2,26.7,20.5,25.3,43.9,45.1,14.7,35.0,71.1,4.0,,,2019
Marquette,BE,29,14,96.8,89.6,0.6562,45.3,43.6,15.5,15.3,33.7,32.5,47.2,24.5,55.4,50.0,38.0,28.2,70.8,-2.3,,,2019
West Virginia,B12,33,26,91.8,90.0,0.5408,60.1,50.0,13.0,16.2,27.8,26.3,44.6,34.6,46.3,47.3,36.2,22.7,61.5,10.4,,,2019
Kansas,B12,39,14,85.1,96.3,0.2659,45.8,49.3,14.8,21.6,26.6,35.4,38.7,19.7,49.9,44.6,28.9,36.7,63.3,-7.7,,,2019
Michigan State,B10,30,20,102.1,97.4,0.6052,45.2,44.3,17.8,24.8,34.9,26.1,37.8,32.9,53.6,49.2,43.8,36.4,76.6,9.0,,,2019
Memphis,Amer,38,17,115.8,99.6,0.8136,41.0,50.0,18.5,19.3,26.8,28.9,40.2,34.4,46.6,46.9,28.4,25.5,60.5,-1.3,,,2019
UCLA,P12,29,10,90.3,97.7,0.3385,47.9,47.5,17.3,12.2,34.4,32.9,38.1,31.0,51.2,49.2,42.2,30.9,62.8,-4.4,,,2019
Davidson,A10,29,27,100.6,92.0,0.6861,51.1,54.7,16.2,14.7,26.9,31.9,39.5,37.6,44.8,50.3,20.6,32.3,78.1,13.4,,,2019
Arizona,P12,36,10,100.8,90.6,0.717,50.7,47.1,16.2,25.9,32.4,34.6,40.3,17.9,57.2,39.5,40.5,38.4,75.9,-7.5,,,2019
Saint Mary's,WCC,37,29,120.1,92.3,0.9258,44.6,42.9,14.0,14.1,35.9,26.7,34.6,20.4,51.4,51.9,36.9,33.2,68.4,12.4,R32,6.0,2019
LSU,SEC,35,23,102.5,76.8,0.912,59.0,49.1,16.8,19.6,32.4,27.7,43.5,31.0,56.5,37.6,36.5,40.8,74.9,3.6,Champions,1.0,2019
BYU,WCC,33,17,111.3,97.9,0.7714,45.7,46.2,10.8,15.3,36.9,24.7,30.9,27.9,47.8,54.7,37.4,32.2,62.1,3.1,,,2019
Louisville,ACC,28,25,108.2,83.1,0.9071,52.2,45.6,20.3,20.2,41.0,25.9,31.9,25.2,54.8,49.6,38.7,30.5,57.1,10.4,R32,4.0,2019
Colorado State,MWC,35,27,126.9,113.8,0.767,48.6,48.6,15.9,24.8,38.8,18.7,24.7,25.2,58.1,49.3,30.8,42.8,76.0,12.7,,,2019
Baylor,B12,39,16,106.3,94.0,0.755,49.2,46.4,18.9,13.0,26.6,32.5,38.0,25.2,53.2,45.3,37.4,33.2,81.4,-4.9,,,2019
Indiana,B10,39,34,99.0,99.5,0.4881,54.7,53.2,18.2,17.1,36.2,23.1,33.3,30.1,56.0,45.9,27.9,30.7,72.3,14.9,,,2019
Oregon,P12,33,28,112.5,123.9,0.2628,43.8,43.9,18.1,17.5,33.5,23.2,50.6,29.6,54.0,40.8,22.6,34.9,62.4,13.5,,,2019
Michigan,B10,30,20,111.9,107.5,0.5999,55.6,45.4,19.6,21.6,32.9,32.1,40.9,17.6,52.8,45.5,31.8,24.5,56.6,5.4,,,2019
Morehead State,OVC,36,25,105.5,89.4,0.812,53.8,50.6,14.8,17.5,39.2,25.5,25.5,32.9,44.2,50.5,33.8,34.2,74.9,6.0,,,2019
Villanova,BE,34,32,91.4,104.3,0.2371,58.4,45.1,10.5,22.4,33.5,31.8,20.8,32.2,52.4,57.0,30.9,40.7,73.7,14.7,,,2019
Creighton,BE,32,17,133.8,80.6,0.9921,54.9,48.6,13.4,24.5,36.9,26.2,40.7,23.8,42.9,51.9,23.9,29.8,72.1,3.3,,,2019
Arkansas,SEC,38,31,128.1,93.5,0.9584,50.7,49.3,20.1,18.9,33.5,25.1,26.2,32.5,52.9,49.3,32.6,25.4,74.2,16.8,Champions,1.0,2019
SMU,Amer,30,22,103.9,101.5,0.5541,46.7,52.4,16.4,21.3,35.0,17.5,33.6,37.6,44.2,52.6,44.9,35.6,70.7,8.8,,,2019
Florida,SEC,37,23,124.4,79.9,0.9827,53.2,47.8,10.6,13.9,38.2,20.1,35.7,18.5,38.3,44.7,33.6,32.2,65.8,3.7,Champions,1.0,2019
Kentucky,SEC,38,31,116.9,105.3,0.7415,52.1,53.6,14.2,23.2,39.9,21.3,44.2,24.5,58.2,53.8,33.3,22.6,61.5,12.1,,,2019
Oklahoma,B12,29,10,111.7,91.4,0.8634,45.5,47.2,18.2,22.7,22.1,30.0,29.7,28.2,46.4,47.7,23.7,31.2,63.5,-4.9,2ND,4.0,2019
Iowa State,B12,34,19,101.7,88.0,0.7769,56.2,44.1,12.0,15.1,32.7,24.7,28.7,30.2,52.6,41.1,31.2,28.8,58.2,0.9,,,2019
Wake Forest,ACC,37,13,117.3,103.8,0.7737,47.9,48.7,17.2,14.6,27.7,24.9,27.7,31.4,46.5,52.5,40.1,22.9,69.3,-6.8,,,2019
Purdue,B10,37,16,112.5,99.7,0.7614,51.5,40.7,14.3,21.0,20.3,31.3,35.7,32.1,46.1,45.8,36.3,40.2,54.4,-3.5,,,2019
Illinois,B10,37,25,124.7,111.7,0.7646,53.1,49.4,15.7,12.2,35.3,34.0,28.8,35.0,60.6,57.6,36.1,37.3,65.2,6.9,,,2019
Iowa,B10,31,13,136.2,96.1,0.9745,33.5,38.2,15.5,15.9,41.0,29.3,28.4,28.1,47.0,51.4,42.9,30.4,58.0,-1.5,Champions,1.0,2019
Dayton,A10,39,32,120.4,99.0,0.8745,44.7,46.3,14.6,20.7,32.2,27.5,36.6,17.1,47.7,43.8,35.0,28.2,71.0,10.6,Champions,1.0,2019
VCU,A10,33,27,95.8,92.5,0.5744,52.7,47.0,15.0,27.2,36.1,29.5,43.1,34.0,41.7,49.9,33.0,35.1,72.5,8.1,,,2019
Utah State,MWC,39,21,119.1,95.9,0.8918,46.7,51.0,14.3,19.4,33.9,33.9,36.4,32.6,55.9,58.8,36.8,31.9,52.2,0.7,,,2019
San Diego State,MWC,37,24,120.4,93.4,0.921,44.9,46.9,16.6,17.0,31.4,36.6,29.9,27.6,60.7,45.8,37.5,33.9,70.5,6.6,,,2019
Texas,B12,35,13,130.4,88.8,0.9777,48.7,49.8,13.6,13.8,26.9,33.2,35.3,29.9,57.3,51.3,40.6,43.0,75.6,-3.5,S16,11.0,2019
Stanford,P12,33,10,94.1,93.2,0.5196,49.2,53.1,14.9,11.8,35.5,23.2,43.3,30.9,45.6,47.4,33.4,46.9,56.0,-9.3,,,2019
Wisconsin,B10,31,16,89.0,85.6,0.5763,47.7,51.0,17.8,20.8,29.4,23.3,46.9,36.7,49.8,39.0,36.4,46.3,84.7,3.2,,,2019
Austin Peay,OVC,30,26,121.0,93.4,0.9249,52.2,50.8,13.7,19.4,24.2,25.9,27.0,33.3,48.4,41.8,28.6,39.4,65.3,10.8,2ND,2.0,2019
Miami,ACC,32,17,88.3,106.1,0.165,51.8,53.2,9.3,16.0,37.8,26.5,49.6,27.5,54.6,46.2,28.5,23.8,66.9,3.7,,,2019
Syracuse,ACC,34,21,119.0,89.9,0.9342,49.0,43.2,15.6,17.9,32.8,27.2,34.0,36.6,55.7,62.1,38.4,21.3,76.0,1.4,Champions,1.0,2019
Texas Tech,B12,31,20,109.8,90.1,0.8562,54.7,50.8,14.9,20.6,32.5,33.6,29.8,23.2,48.3,44.8,30.6,29.1,73.0,6.7,S16,13.0,2019
TCU,B12,28,22,130.2,85.0,0.9838,46.9,44.4,14.9,14.2,32.7,34.7,31.1,34.3,36.7,52.4,35.3,35.0,70.8,8.5,E8,5.0,2019
San Francisco,WCC,35,32,114.0,82.7,0.9453,45.3,49.2,18.2,21.4,38.4,35.2,33.6,31.2,58.0,40.3,35.2,31.9,62.5,10.0,2ND,1.0,2019
Morehead State,OVC,29,13,121.1,94.2,0.9198,50.7,44.6,12.6,11.2,32.0,28.1,30.2,38.3,54.0,55.6,43.5,26.6,62.7,0.0,,,2020
Creighton,BE,31,24,134.2,90.5,0.9817,54.2,40.4,17.6,16.5,41.1,26.7,31.9,30.0,47.9,49.8,33.2,31.3,72.4,10.7,,,2020
Mississippi State,SEC,30,12,111.7,81.7,0.9389,54.2,53.8,14.2,17.3,32.8,23.7,46.2,32.0,51.0,53.3,26.4,23.9,56.7,-4.4,Champions,3.0,2020
Kansas,B12,32,16,110.4,99.0,0.7372,50.4,48.6,11.9,19.3,35.5,24.4,42.6,21.8,45.3,54.3,42.9,25.6,84.6,-1.3,,,2020
Stanford,P12,28,20,113.4,100.9,0.7568,34.6,47.9,12.4,16.8,27.8,24.0,27.8,26.8,49.5,45.4,37.3,29.4,75.0,3.5,,,2020
UCLA,P12,31,23,114.0,97.2,0.8213,49.6,47.1,18.1,19.9,35.8,26.3,35.8,38.1,49.6,44.7,36.0,36.7,57.3,8.8,,,2020
Michigan State,B10,33,28,124.3,85.8,0.9707,55.6,48.9,19.3,14.3,37.3,35.1,36.9,24.8,46.3,48.7,31.2,48.3,78.5,12.5,E8,6.0,2020
Virginia,ACC,34,18,115.1,87.7,0.9236,43.0,51.2,18.4,24.6,28.4,34.7,36.6,33.3,46.7,38.5,40.0,37.5,66.0,-0.7,,,2020
San Francisco,WCC,34,33,98.9,104.4,0.377,49.2,50.2,18.8,18.2,35.0,23.2,49.7,37.1,46.2,51.2,37.3,29.4,42.3,18.4,,,2020
SMU,Amer,35,16,108.9,83.0,0.9138,58.5,45.0,12.9,20.2,18.3,28.1,25.5,17.5,39.5,54.1,27.4,44.4,66.9,0.3,,,2020
Alabama,SEC,30,25,109.3,80.5,0.9322,52.7,46.0,17.0,17.2,27.3,28.5,28.3,28.3,50.2,42.9,31.8,40.1,69.6,11.6,,,2020
Wake Forest,ACC,31,12,120.4,104.4,0.81,50.0,52.9,16.1,14.5,39.8,21.0,27.9,37.7,53.4,46.8,24.5,34.9,70.7,-6.8,,,2020
Miami,ACC,38,10,100.0,108.1,0.3238,53.6,47.4,12.0,26.0,36.5,26.7,47.4,32.6,49.2,49.3,30.2,28.7,76.0,-8.1,,,2020
Clemson,ACC,34,17,108.8,98.8,0.7128,48.7,46.0,13.3,16.1,36.9,28.7,22.1,28.3,45.3,42.6,50.6,36.6,62.3,2.9,,,2020
Houston,Amer,38,26,117.5,92.5,0.9067,44.6,47.7,16.6,16.6,41.3,29.1,28.3,28.1,42.0,47.5,32.1,33.8,74.8,10.2,E8,4.0,2020
Michigan,B10,38,27,98.4,118.0,0.1438,42.3,49.7,14.4,14.0,35.8,24.7,42.2,35.2,48.5,51.0,41.0,36.0,70.0,9.4,,,2020
Syracuse,ACC,28,10,100.5,88.4,0.7502,55.5,46.9,9.7,16.8,19.4,31.0,48.1,31.1,54.1,53.4,31.4,24.8,64.6,-6.0,,,2020
Saint Mary's,WCC,30,15,124.8,113.1,0.7423,45.7,53.0,16.0,17.4,27.0,27.3,47.8,24.8,59.2,50.4,30.7,22.9,66.2,-0.4,,,2020
Dayton,A10,39,12,94.2,97.8,0.4181,48.7,44.2,15.1,14.7,33.4,27.8,38.8,25.0,50.6,52.1,31.3,38.9,75.2,-5.7,,,2020
Murray State,OVC,35,29,115.7,95.9,0.8571,45.3,47.2,13.4,23.3,28.9,37.4,29.1,33.2,54.4,45.3,28.6,27.1,63.4,10.9,,,2020
Wisconsin,B10,37,23,124.7,104.6,0.861,48.3,49.4,12.9,25.4,29.4,22.1,27.2,19.5,57.4,45.4,31.5,29.2,64.4,6.3,,,2020
Kentucky,SEC,35,29,104.8,103.0,0.539,51.4,49.2,16.3,26.6,16.0,29.1,48.6,28.9,52.8,45.8,47.7,31.2,69.3,14.5,,,2020
Arkansas,SEC,34,23,85.2,93.6,0.3171,56.0,48.6,17.1,18.4,28.6,15.3,34.3,33.0,50.4,45.0,37.8,33.3,72.7,5.7,,,2020
Texas Tech,B12,28,22,130.3,93.8,0.9649,48.1,40.6,17.8,15.7,36.4,27.4,47.7,22.1,49.2,49.0,44.0,34.9,59.1,8.3,R32,3.0,2020
Florida,SEC,30,23,127.5,95.8,0.9466,53.1,49.8,13.3,27.4,34.1,19.2,27.2,28.5,52.7,49.0,30.2,33.6,73.4,8.2,S16,10.0,2020
San Diego State,MWC,35,12,99.9,106.2,0.3621,49.9,45.5,17.9,21.0,28.6,29.6,38.8,34.9,42.5,35.8,29.5,31.9,79.0,-3.1,,,2020
Marquette,BE,30,19,96.0,95.7,0.5078,46.3,52.2,15.4,18.5,40.3,27.3,26.1,21.8,57.5,51.8,35.2,31.1,66.0,4.8,,,2020
Tennessee,SEC,29,27,107.6,99.2,0.6823,45.5,54.7,18.0,15.2,35.0,22.5,46.8,36.4,45.8,51.6,37.4,37.4,56.6,11.6,,,2020
Purdue,B10,35,17,119.8,94.6,0.9088,37.9,46.0,13.0,22.5,36.7,25.0,31.4,38.4,50.0,38.2,39.5,40.0,74.6,0.2,E8,6.0,2020
Illinois,B10,39,19,92.3,98.7,0.3586,49.7,45.1,16.0,20.1,41.0,26.3,33.0,16.0,50.9,40.1,36.1,37.6,71.4,2.3,,,2020
Ohio State,B10,39,19,98.6,72.1,0.9176,54.9,45.8,13.3,15.0,36.6,29.7,38.3,28.0,61.3,55.5,35.5,27.6,69.1,3.8,,,2020
Iowa,B10,30,16,118.9,84.3,0.9586,49.0,49.1,15.9,17.0,22.6,25.6,31.3,33.3,51.0,45.8,22.8,35.1,75.5,3.0,R64,12.0,2020
Colorado State,MWC,38,34,86.9,106.5,0.1448,56.1,46.7,17.6,9.2,34.1,25.0,47.0,17.5,55.4,42.3,33.8,43.7,59.2,12.7,,,2020
Baylor,B12,34,29,115.8,93.8,0.8805,45.8,45.0,19.8,16.9,29.8,33.9,31.1,21.1,53.3,48.9,38.7,32.9,77.9,9.7,S16,7.0,2020
VCU,A10,30,18,103.3,102.8,0.5101,52.3,53.6,11.8,21.9,27.7,35.3,33.1,33.7,43.5,45.3,28.6,37.9,72.8,-0.2,,,2020
Oklahoma,B12,32,15,113.9,84.2,0.9371,52.2,45.0,19.5,26.4,38.7,25.2,29.7,40.0,47.1,46.9,37.2,30.2,66.4,-1.3,Champions,3.0,2020
TCU,B12,28,22,115.2,87.2,0.927,48.8,48.9,17.0,23.9,36.7,40.1,37.8,30.9,63.4,43.5,22.9,30.4,73.2,8.5,R32,11.0,2020
Belmont,OVC,30,17,121.6,95.1,0.9178,46.3,45.9,15.0,20.0,30.8,20.2,30.1,20.7,46.4,47.3,28.8,34.9,83.1,3.2,E8,2.0,2020
Davidson,A10,29,15,89.0,88.5,0.5116,46.5,42.7,18.5,20.0,30.7,35.5,32.9,33.5,43.2,55.4,38.6,36.6,53.9,1.6,,,2020
Villanova,BE,29,23,108.3,83.9,0.9019,56.9,52.3,14.0,9.2,36.9,24.5,39.3,23.5,51.2,44.8,36.3,33.6,65.1,7.7,R32,2.0,2020
Saint Louis,A10,34,27,121.0,105.0,0.8113,47.4,45.6,10.9,16.0,37.8,22.7,29.6,37.0,53.6,47.6,42.0,27.8,61.9,8.8,,,2020
Cincinnati,Amer,38,33,132.4,93.8,0.971,50.3,47.6,15.6,24.5,35.5,21.0,23.6,35.6,55.9,33.2,31.5,36.3,66.3,11.8,2ND,1.0,2020
LSU,SEC,37,28,120.2,99.5,0.8672,45.3,50.9,17.3,15.6,25.5,30.4,32.9,22.5,41.6,47.8,42.5,28.0,60.9,9.2,,,2020
Arizona,P12,38,25,124.6,102.8,0.8788,48.2,47.9,16.9,20.1,40.5,37.0,36.7,46.2,48.7,50.2,29.9,32.7,60.7,4.8,Champions,1.0,2020
Austin Peay,OVC,36,10,87.8,90.8,0.4323,49.4,46.2,14.4,25.3,35.5,27.2,36.9,18.5,52.9,46.5,35.2,36.7,78.3,-9.9,,,2020
Louisville,ACC,38,31,109.4,98.3,0.7329,50.9,48.3,14.0,21.2,25.1,32.5,36.9,24.6,48.9,51.8,30.4,29.3,73.8,16.2,,,2020
Indiana,B10,32,22,111.0,113.0,0.4536,41.7,44.8,15.5,15.2,37.0,34.7,24.4,37.8,53.9,45.0,28.9,27.6,57.9,5.4,,,2020
Auburn,SEC,30,12,121.3,92.9,0.9297,46.6,49.2,20.5,14.7,36.3,28.0,42.3,21.1,49.3,46.0,40.8,37.6,72.6,-0.4,S16,8.0,2020
Iowa State,B12,32,21,115.4,101.3,0.7822,47.0,46.6,12.5,19.9,37.2,30.7,27.7,36.4,58.8,43.9,44.3,31.4,76.5,6.4,,,2020
Memphis,Amer,28,10,103.4,80.9,0.8852,51.0,52.0,16.6,15.9,41.0,28.3,48.5,31.4,37.9,47.7,39.1,35.2,69.4,-3.7,,,2020
Texas,B12,35,22,113.4,88.1,0.9088,42.2,50.1,16.4,18.5,30.1,24.5,42.8,26.9,57.6,49.1,30.1,41.0,59.9,5.4,2ND,1.0,2020
Nevada,MWC,31,30,99.9,102.7,0.438,51.0,41.3,15.3,17.0,34.4,29.5,31.8,28.6,48.2,52.1,38.7,37.6,54.3,14.2,,,2020
Utah State,MWC,36,28,96.6,115.8,0.1483,44.8,52.6,11.8,13.9,33.2,29.5,40.6,33.3,49.9,43.5,37.2,35.2,62.9,9.4,,,2020
BYU,WCC,31,10,111.6,89.4,0.883,53.9,48.7,13.5,10.8,38.9,32.6,41.2,35.3,43.4,50.6,37.3,32.7,63.2,-3.6,,,2020
North Carolina,ACC,36,12,110.0,87.0,0.8904,49.6,49.6,14.2,12.7,26.2,29.2,36.0,32.3,54.2,44.5,17.0,34.9,43.8,-6.7,S16,12.0,2020
Xavier,BE,35,32,103.5,87.5,0.8111,44.5,44.2,14.0,17.8,35.1,26.6,26.8,30.6,52.7,48.2,44.3,40.0,73.7,17.8,,,2020
Gonzaga,WCC,31,22,108.7,97.1,0.7423,50.5,52.9,12.0,24.8,30.1,23.9,38.2,25.5,49.9,43.1,19.0,39.5,87.4,6.5,,,2020
Oregon,P12,39,22,118.6,101.7,0.8228,51.8,47.7,16.4,23.7,36.8,29.9,19.8,35.8,64.3,49.7,48.3,32.7,61.6,2.4,,,2020
Duke,ACC,31,18,100.7,89.4,0.7364,49.2,49.6,16.2,17.5,40.6,31.4,31.8,24.6,43.4,44.9,42.8,24.6,63.5,1.9,,,2020
West Virginia,B12,34,24,114.5,100.0,0.7896,53.8,45.3,15.9,12.7,30.7,20.5,36.6,23.2,51.0,52.0,37.4,31.4,71.3,10.6,,,2020
Michigan,B10,28,15,99.0,80.5,0.8423,46.4,54.8,20.6,26.1,30.6,33.4,24.6,18.0,49.2,60.8,39.4,34.5,65.3,-2.2,,,2021
Oklahoma,B12,36,11,109.8,99.1,0.7247,44.6,37.0,16.4,18.7,29.1,32.3,29.1,32.7,58.6,49.7,37.8,32.2,71.2,-8.6,,,2021
Illinois,B10,35,15,113.9,82.1,0.947,47.2,47.5,21.1,21.9,30.4,25.4,28.7,24.1,54.6,48.7,27.3,35.1,64.6,-1.0,R64,7.0,2021
Clemson,ACC,34,11,119.1,93.0,0.9148,61.2,48.2,17.1,17.6,35.4,24.4,44.7,30.4,51.4,50.0,31.2,29.6,65.4,-12.7,,,2021
Belmont,OVC,30,10,125.9,93.4,0.9505,49.6,51.7,15.3,20.9,25.2,29.3,46.2,22.4,45.4,44.3,34.9,28.5,60.3,-8.4,R64,13.0,2021
Arkansas,SEC,31,27,112.0,72.3,0.9736,50.3,45.0,16.8,18.1,23.1,35.8,41.8,15.8,54.1,51.7,30.0,18.9,70.0,13.4,R32,3.0,2021
Baylor,B12,38,23,129.0,71.6,0.9946,53.1,48.9,14.9,18.8,28.8,30.1,34.4,28.4,51.3,47.8,21.7,27.0,64.2,3.6,R32,8.0,2021
North Carolina,ACC,28,23,102.4,98.0,0.5995,42.8,45.8,17.6,23.8,28.3,29.1,29.6,29.2,47.4,50.2,37.2,35.5,52.2,7.2,,,2021
Stanford,P12,38,10,96.4,95.4,0.5222,43.0,48.8,14.5,14.3,41.8,26.1,28.6,41.0,42.4,51.3,39.7,36.3,52.7,-10.8,,,2021
VCU,A10,38,25,120.1,106.8,0.7707,49.9,44.9,16.5,16.3,24.7,26.1,44.2,32.7,34.8,50.2,32.9,44.4,60.2,5.5,,,2021
BYU,WCC,29,25,113.6,96.8,0.8207,56.6,44.0,13.2,16.6,38.4,20.2,48.0,31.9,43.1,52.3,29.7,30.4,43.1,9.1,,,2021
Morehead State,OVC,37,26,99.4,98.4,0.5227,45.1,41.7,11.6,20.9,28.2,20.9,42.0,31.6,49.4,49.5,33.8,41.2,88.7,6.9,,,2021
Ohio State,B10,29,13,108.8,90.0,0.8472,58.4,48.6,12.3,17.7,24.2,34.2,30.3,23.4,47.0,42.8,34.1,37.0,57.3,-2.5,,,2021
Kentucky,SEC,30,21,87.0,96.9,0.2882,48.8,53.6,19.4,16.4,27.5,26.0,48.1,21.8,57.2,53.1,31.6,31.1,59.2,6.3,,,2021
Wisconsin,B10,28,12,111.1,93.4,0.833,49.9,43.0,17.4,13.7,40.5,25.7,48.3,31.6,51.8,49.5,35.7,31.4,73.8,-3.3,,,2021
Louisville,ACC,34,26,100.4,92.9,0.6651,52.1,50.6,11.5,22.1,29.3,28.3,22.9,30.2,51.2,49.4,30.7,30.1,70.2,10.5,,,2021
SMU,Amer,35,23,102.9,105.4,0.4423,58.9,51.3,13.0,16.4,24.5,25.2,24.9,23.6,43.9,50.6,31.0,32.5,65.4,6.7,,,2021
Memphis,Amer,32,14,112.8,93.3,0.8549,49.4,42.2,13.1,16.8,41.7,30.3,32.5,31.5,47.7,45.1,44.3,37.7,69.7,-5.9,Champions,3.0,2021
UCLA,P12,37,23,109.3,105.3,0.5893,51.3,40.0,16.6,12.9,28.7,20.2,44.8,22.1,50.0,52.9,26.7,38.7,60.8,4.2,,,2021
San Francisco,WCC,39,20,103.5,97.0,0.6434,39.6,47.7,20.3,11.5,42.1,22.7,47.2,28.5,58.1,49.8,46.3,33.1,75.4,-0.5,,,2021
Xavier,BE,38,33,104.6,114.2,0.2948,54.4,48.0,16.0,10.9,21.0,19.9,28.1,31.2,61.0,44.5,34.8,36.9,70.8,17.6,,,2021
Murray State,OVC,31,30,114.4,85.0,0.9354,42.0,46.7,9.2,20.3,31.8,27.6,33.0,30.5,51.8,44.2,22.7,31.2,63.5,17.4,,,2021
Wake Forest,ACC,32,12,105.3,90.9,0.7869,47.0,48.9,17.4,3.1,35.1,20.5,32.5,33.2,64.7,41.4,46.7,29.2,73.3,-4.5,,,2021
Houston,Amer,36,17,129.2,106.3,0.8891,53.6,47.3,10.4,13.3,29.9,31.1,42.0,29.8,56.3,37.9,27.4,23.1,80.3,-2.6,,,2021
Davidson,A10,30,13,101.3,102.6,0.4698,48.9,46.6,15.2,24.6,39.0,25.0,35.5,31.3,62.3,53.1,43.9,36.9,76.0,-4.0,,,2021
Texas Tech,B12,32,27,134.6,90.8,0.9817,53.0,43.9,18.9,22.6,29.9,20.7,18.0,24.4,48.4,53.7,32.2,34.9,81.8,14.6,R64,8.0,2021
Purdue,B10,37,12,124.3,97.5,0.9197,55.3,51.4,16.1,17.8,23.6,27.0,30.3,40.6,55.5,56.6,41.5,32.5,75.8,-5.2,,,2021
Alabama,SEC,32,24,100.5,107.4,0.3495,46.1,53.4,14.0,13.3,29.8,26.8,30.6,30.6,48.5,42.4,19.1,27.1,69.7,7.4,,,2021
Auburn,SEC,33,10,107.4,107.5,0.4968,52.4,54.8,14.5,26.0,36.3,29.9,43.7,34.2,55.4,55.1,38.2,30.7,76.3,-7.0,,,2021
Gonzaga,WCC,38,31,104.5,115.9,0.2623,53.3,44.7,11.9,23.1,28.7,24.6,31.7,36.1,49.7,49.6,33.3,35.0,67.2,14.7,,,2021
Villanova,BE,34,22,116.4,95.9,0.8658,55.3,50.0,20.1,16.1,32.9,23.0,40.6,25.3,39.4,45.6,32.8,29.6,74.1,7.2,R32,8.0,2021
Colorado State,MWC,28,19,103.6,90.4,0.7686,51.2,49.2,13.8,20.7,39.9,38.1,47.2,27.0,53.0,54.6,25.1,37.1,73.2,7.1,,,2021
Utah State,MWC,31,18,104.5,92.1,0.7543,51.7,53.3,13.3,16.8,33.7,32.0,31.6,30.0,52.8,53.5,34.6,30.7,58.4,-3.5,,,2021
Iowa,B10,38,19,132.1,81.4,0.9901,65.6,53.7,21.9,20.2,42.3,22.5,32.4,28.8,48.3,42.1,32.4,20.8,71.1,-1.7,,,2021
Florida,SEC,35,20,115.2,92.3,0.8892,52.4,40.4,16.4,16.1,33.7,34.8,36.7,26.3,54.6,41.0,36.9,25.8,63.7,0.8,,,2021
Michigan State,B10,29,12,98.0,105.3,0.341,48.8,55.0,18.2,15.2,48.9,35.3,45.1,33.1,55.4,50.1,51.5,34.1,66.5,-0.4,,,2021
West Virginia,B12,38,30,84.0,89.8,0.3716,56.2,46.6,16.8,17.9,37.7,27.2,30.9,28.0,42.9,50.0,24.1,36.2,69.8,10.9,,,2021
Saint Mary's,WCC,38,35,108.7,84.3,0.9014,46.8,45.2,12.8,12.1,32.2,28.3,40.2,21.8,55.9,47.4,25.0,26.5,65.3,18.3,S16,12.0,2021
Texas,B12,29,14,97.8,91.3,0.6426,46.2,48.8,18.3,16.0,29.4,21.2,40.1,26.6,48.2,44.7,30.2,32.0,60.8,0.3,,,2021
Tennessee,SEC,32,31,123.7,90.1,0.9548,53.7,45.6,16.7,3.8,32.2,28.3,32.9,29.3,54.2,44.0,47.5,27.6,75.2,15.3,S16,8.0,2021
Virginia,ACC,36,24,101.5,99.3,0.5502,49.1,49.9,11.2,16.8,32.1,28.8,27.5,43.4,50.2,48.2,42.0,36.0,73.5,9.2,,,2021
Austin Peay,OVC,39,29,112.8,97.1,0.8062,48.7,45.9,14.0,18.3,33.6,21.9,51.7,31.9,47.7,60.9,33.2,32.7,64.6,10.5,,,2021
Syracuse,ACC,28,16,107.4,107.2,0.5053,45.4,57.3,15.9,15.0,45.2,25.8,35.1,37.1,41.2,39.9,33.1,24.8,77.5,4.1,,,2021
Marquette,BE,30,16,118.9,104.3,0.7907,46.1,53.1,12.5,24.4,23.7,19.4,26.8,26.0,58.5,46.4,35.1,34.5,69.7,-3.3,,,2021
Duke,ACC,33,30,101.6,100.2,0.5314,52.4,49.2,16.6,18.7,22.2,27.9,24.0,36.3,47.7,44.0,29.7,23.6,57.0,14.5,,,2021
Kansas,B12,32,15,129.3,97.0,0.9495,57.3,50.5,16.1,13.0,37.0,35.9,28.3,22.7,59.8,46.5,24.2,27.2,78.9,1.6,R32,2.0,2021
Dayton,A10,38,25,67.3,75.7,0.3173,53.5,53.7,18.1,16.2,33.9,25.9,24.9,34.8,51.8,53.1,34.0,26.4,76.3,7.6,,,2021
Miami,ACC,39,36,117.2,95.3,0.8798,51.6,51.6,16.9,12.9,35.8,31.3,36.2,27.9,60.1,51.2,43.1,40.5,68.2,14.3,,,2021
TCU,B12,30,11,98.0,94.7,0.5757,44.9,46.2,15.9,18.9,40.4,31.1,40.3,30.2,51.3,46.1,32.5,37.5,66.3,-4.5,,,2021
LSU,SEC,39,36,98.0,120.1,0.1181,46.1,44.4,12.6,21.3,33.2,27.4,37.1,40.4,49.9,45.7,39.1,35.0,57.9,14.1,,,2021
Iowa State,B12,29,25,139.2,81.1,0.995,52.1,47.4,10.5,15.9,15.6,28.4,31.6,22.5,50.4,40.6,15.5,30.1,69.4,9.2,,,2021
Creighton,BE,31,24,110.2,83.3,0.9204,56.8,40.4,14.7,12.2,36.2,27.8,38.8,31.9,56.5,46.4,43.8,36.0,73.8,9.3,S16,10.0,2021
San Diego State,MWC,32,11,96.8,99.4,0.442,50.7,44.9,14.7,20.9,33.6,22.6,32.5,34.7,59.0,45.4,38.2,39.7,68.7,-6.2,,,2021
Nevada,MWC,37,17,102.9,98.0,0.6087,51.5,55.9,18.8,13.5,25.3,33.7,25.3,32.9,55.1,53.8,39.7,26.2,59.8,-2.8,,,2021
Indiana,B10,35,24,95.9,73.9,0.8815,48.6,47.6,20.4,14.1,23.8,35.5,33.7,25.4,51.7,39.9,25.6,37.9,75.7,5.9,Champions,1.0,2021
Mississippi State,SEC,37,32,123.2,109.8,0.7712,58.5,46.3,18.1,15.9,31.9,30.2,39.7,29.7,52.5,59.3,45.1,26.9,62.1,14.6,,,2021
Arizona,P12,32,18,102.6,87.5,0.7979,54.5,45.1,19.6,26.9,27.0,24.2,49.2,27.3,50.1,43.2,41.2,28.5,63.4,2.3,,,2021
Cincinnati,Amer,30,17,113.6,102.8,0.7273,47.6,51.9,17.4,19.0,26.7,22.9,46.5,39.6,44.5,42.7,31.7,35.2,70.7,1.5,,,2021
Saint Louis,A10,39,18,113.5,77.0,0.9652,58.2,54.1,16.3,20.2,27.6,22.8,12.6,32.0,60.6,50.9,38.8,33.8,76.2,-1.9,Champions,1.0,2021
Oregon,P12,36,30,120.7,96.7,0.8983,51.6,40.2,10.4,22.7,22.0,23.9,29.2,38.2,52.5,43.5,24.8,34.6,68.9,12.8,Champions,1.0,2021
Utah State,MWC,38,14,102.2,102.2,0.5007,49.2,47.8,14.8,19.9,43.3,29.1,23.3,23.5,50.6,38.2,31.6,35.6,67.1,-5.1,,,2022
Alabama,SEC,32,11,105.3,95.0,0.7184,51.4,49.3,20.5,21.5,23.4,23.7,21.5,36.6,50.3,41.6,45.8,41.1,77.7,-6.7,,,2022
Nevada,MWC,33,30,112.1,92.9,0.8509,52.4,48.0,16.3,25.8,36.4,33.9,45.1,24.1,48.8,45.6,33.7,31.7,71.5,17.1,,,2022
LSU,SEC,36,23,105.8,90.5,0.8019,45.8,47.8,15.1,16.3,36.9,30.2,47.8,26.8,53.3,41.3,31.4,28.3,70.3,4.7,,,2022
Xavier,BE,35,19,91.6,88.0,0.5801,52.5,48.3,16.4,24.5,36.1,36.1,41.1,31.8,53.9,49.8,40.1,33.6,73.9,3.7,,,2022
Belmont,OVC,30,29,106.5,98.5,0.6751,39.1,46.3,15.6,20.4,39.4,33.7,33.5,32.3,51.4,45.1,38.0,20.3,68.3,10.7,,,2022
Kansas,B12,34,31,109.6,77.8,0.9476,48.6,47.4,19.2,15.5,30.1,33.9,36.1,27.0,47.2,53.1,36.1,32.7,70.5,16.4,,,2022
Morehead State,OVC,31,30,100.0,98.6,0.5306,50.3,36.3,13.3,16.1,30.7,35.0,41.7,29.5,43.7,50.8,29.0,27.0,68.6,14.0,,,2022
Cincinnati,Amer,36,10,99.7,89.1,0.7241,58.5,52.8,10.1,21.7,26.1,18.7,49.1,30.3,53.4,59.6,38.4,34.1,65.3,-9.6,,,2022
North Carolina,ACC,33,22,121.3,89.4,0.948,54.8,42.7,6.3,22.4,19.6,22.2,36.8,26.8,54.8,40.5,30.5,31.9,79.0,7.4,,,2022
San Diego State,MWC,34,33,123.3,80.6,0.9798,46.4,44.3,16.0,14.1,31.9,31.4,39.1,39.7,59.0,43.0,29.0,33.1,73.3,13.6,2ND,1.0,2022
Miami,ACC,36,16,101.4,115.2,0.2222,50.4,48.1,15.4,18.1,33.5,31.4,32.0,25.6,54.3,60.2,25.8,22.0,69.2,0.5,,,2022
Austin Peay,OVC,33,20,100.6,123.4,0.1125,47.9,44.6,14.0,20.5,33.2,24.4,33.0,28.8,41.6,49.2,25.9,30.0,59.8,3.2,,,2022
VCU,A10,31,19,113.0,89.6,0.894,52.0,39.2,12.7,16.6,33.8,26.9,31.5,28.2,58.3,45.0,37.3,25.4,67.7,2.7,S16,1.0,2022
Florida,SEC,28,21,102.9,99.5,0.5781,50.0,47.3,16.4,20.0,16.0,34.3,42.3,38.0,44.9,55.6,37.1,34.7,61.8,6.9,,,2022
Mississippi State,SEC,35,24,86.9,87.3,0.4911,53.6,47.1,16.9,11.8,23.7,27.1,37.6,37.8,55.0,43.0,25.6,34.0,68.6,5.9,,,2022
UCLA,P12,34,26,105.2,109.7,0.3994,49.2,47.6,13.6,21.4,41.8,21.6,35.3,28.3,47.7,53.2,37.1,37.8,68.3,8.0,,,2022
San Francisco,WCC,30,10,99.8,103.1,0.4261,47.3,48.7,16.5,16.7,23.9,35.2,36.5,32.3,58.5,50.5,32.2,22.6,62.5,-5.9,,,2022
Auburn,SEC,33,19,116.5,76.0,0.9754,57.0,49.6,14.9,17.0,27.0,29.5,30.3,32.0,58.4,42.3,30.9,43.0,56.8,2.3,,,2022
Murray State,OVC,39,38,119.3,95.9,0.8934,54.1,46.3,16.3,23.4,29.3,34.1,16.5,28.3,48.0,40.3,27.7,31.8,72.2,20.6,R64,12.0,2022
Oregon,P12,38,11,118.8,99.6,0.8517,49.1,44.2,18.8,15.2,30.8,22.5,40.1,28.2,55.6,51.1,35.2,33.7,77.7,-6.1,R32,2.0,2022
Iowa,B10,28,24,125.2,104.5,0.8684,41.9,51.9,13.4,15.0,33.9,27.0,19.3,32.7,38.5,42.8,26.6,31.1,75.7,11.3,R32,4.0,2022
Marquette,BE,36,12,129.3,74.1,0.9934,53.1,52.7,10.8,13.4,40.2,17.5,44.9,34.1,46.8,52.4,40.7,27.6,75.0,-3.8,2ND,3.0,2022
Saint Mary's,WCC,32,19,113.2,106.6,0.6454,47.9,44.9,12.4,22.7,48.6,32.9,23.5,35.7,49.8,43.1,29.6,31.4,60.5,3.9,,,2022
Colorado State,MWC,35,16,121.2,85.2,0.9633,45.5,45.0,15.1,12.7,22.5,34.0,41.9,30.3,57.6,45.6,32.2,33.9,76.8,-2.1,,,2022
Iowa State,B12,34,22,128.6,105.7,0.8891,42.8,44.4,19.3,16.6,36.0,28.8,40.4,20.9,49.8,47.2,25.8,23.9,72.0,6.8,E8,3.0,2022
Purdue,B10,38,16,115.2,96.3,0.8488,55.0,50.9,16.7,10.7,32.9,34.7,28.4,23.2,43.4,43.2,33.9,29.6,69.0,-3.4,,,2022
Louisville,ACC,33,21,93.3,100.9,0.3341,55.7,46.0,16.2,23.2,25.4,25.8,35.8,20.1,42.6,50.6,43.0,28.2,61.8,5.3,,,2022
Davidson,A10,29,28,102.5,95.9,0.6466,52.6,46.5,17.2,25.1,20.7,24.9,20.5,19.5,49.5,46.0,29.9,35.2,63.1,12.6,,,2022
Illinois,B10,38,18,97.8,79.9,0.8364,54.5,47.5,16.2,20.2,35.6,24.4,24.0,33.1,59.1,44.6,38.7,25.9,67.8,-1.2,,,2022
Creighton,BE,39,14,117.9,88.4,0.9358,52.2,48.3,20.8,13.4,38.6,27.4,36.8,31.2,61.2,42.5,38.7,31.1,72.4,-5.8,2ND,2.0,2022
Michigan,B10,32,20,114.7,77.1,0.9683,50.9,37.8,20.3,16.8,34.3,28.7,22.6,27.5,54.0,46.3,40.0,42.0,46.9,3.4,,,2022
Indiana,B10,33,32,102.6,108.2,0.3748,45.5,49.1,19.2,14.7,26.5,33.9,30.0,25.4,49.3,44.4,24.3,28.8,65.6,17.1,,,2022
Michigan State,B10,31,22,130.5,76.9,0.9924,59.3,46.6,10.0,19.2,25.8,31.1,43.8,27.7,52.8,48.1,26.2,29.6,67.8,6.8,R32,3.0,2022
Villanova,BE,35,30,100.8,107.3,0.3565,51.0,52.4,9.3,13.8,41.9,18.6,48.6,28.7,54.7,46.4,44.1,25.9,51.4,9.5,,,2022
Texas Tech,B12,32,15,107.4,114.8,0.3385,45.3,48.0,11.7,13.3,30.4,37.4,43.2,26.7,55.2,57.5,30.2,28.1,72.1,-3.6,,,2022
Arkansas,SEC,31,28,120.4,94.1,0.9166,55.4,41.4,12.6,18.8,31.9,29.5,26.5,35.3,52.9,46.0,33.9,32.8,63.9,11.5,,,2022
Memphis,Amer,30,10,117.6,97.5,0.8611,51.1,56.3,18.4,19.7,26.6,23.5,36.4,28.3,40.9,46.1,40.4,33.6,57.1,-7.5,R64,16.0,2022
SMU,Amer,28,27,94.9,87.0,0.6715,47.5,48.8,14.7,16.7,30.3,35.5,37.4,28.4,55.8,49.9,39.8,23.8,70.8,12.8,,,2022
West Virginia,B12,30,25,103.7,95.9,0.6698,54.4,50.6,17.3,17.9,25.2,21.7,33.1,22.7,41.9,34.4,48.5,34.5,76.0,10.2,,,2022
Duke,ACC,29,23,106.8,94.6,0.7529,52.9,46.8,18.3,17.7,40.5,28.4,53.1,20.6,54.1,46.6,25.2,30.5,59.5,10.8,,,2022
Wake Forest,ACC,35,34,125.9,91.6,0.9577,52.9,51.0,21.5,12.4,31.7,30.3,32.7,30.7,54.7,40.6,33.3,31.1,64.7,19.0,,,2022
Saint Louis,A10,33,20,101.2,88.9,0.7542,53.4,52.6,14.1,17.6,29.0,23.7,54.6,28.1,61.3,50.5,41.4,37.5,61.7,1.1,,,2022
BYU,WCC,33,12,111.5,87.0,0.9023,50.3,51.8,18.4,17.9,29.6,30.8,26.3,34.7,51.4,43.8,45.3,39.3,79.8,-1.1,R64,9.0,2022
Kentucky,SEC,38,23,98.1,93.9,0.5946,57.4,51.7,16.1,15.8,33.4,25.0,30.1,35.0,42.9,50.6,22.3,39.4,55.5,2.4,,,2022
Virginia,ACC,31,27,110.6,100.2,0.7197,49.9,43.2,15.9,8.9,22.2,34.1,37.7,37.0,51.1,46.2,36.0,36.1,83.0,10.1,,,2022
TCU,B12,33,24,139.5,79.7,0.9957,52.6,38.7,21.9,13.6,29.6,20.5,35.2,24.1,47.9,41.3,38.9,31.2,60.9,5.9,E8,5.0,2022
Arizona,P12,36,32,96.0,90.7,0.6175,50.0,50.6,16.8,18.4,27.1,29.5,21.2,28.4,51.2,46.3,29.0,44.0,59.9,13.1,,,2022
Tennessee,SEC,29,11,98.9,102.5,0.4199,48.5,51.9,16.3,13.8,29.1,35.9,34.1,25.7,50.9,56.9,31.2,33.4,77.2,-2.8,,,2022
Dayton,A10,31,28,107.2,98.3,0.6919,54.6,54.1,11.7,19.7,29.5,26.1,34.6,36.3,62.4,36.0,42.4,47.9,63.4,13.6,,,2022
Houston,Amer,29,13,120.1,93.9,0.9155,41.5,48.7,11.9,15.6,31.1,28.1,30.4,28.5,65.7,45.8,34.3,41.3,70.0,-0.0,,,2022
Wisconsin,B10,37,35,127.5,91.4,0.9637,45.6,54.7,13.0,17.4,31.0,24.0,43.6,32.4,55.2,55.4,31.2,35.1,72.3,18.9,2ND,1.0,2022
Oklahoma,B12,30,18,115.0,93.6,0.8749,45.9,52.4,20.2,17.0,39.0,31.9,35.9,32.5,55.2,43.7,28.1,29.4,63.9,-0.9,R32,4.0,2022
Texas,B12,28,15,107.5,106.9,0.5116,50.4,47.8,13.9,13.6,24.9,31.6,34.9,23.2,50.8,43.5,34.2,24.3,76.3,0.2,,,2022
Ohio State,B10,36,28,130.3,110.3,0.8603,51.2,47.3,20.2,19.6,34.4,23.2,41.3,33.9,49.7,48.4,52.8,24.8,79.8,7.5,R64,8.0,2022
Syracuse,ACC,38,31,116.1,100.4,0.8057,62.5,50.2,12.6,13.7,30.7,31.0,44.4,21.5,64.0,42.6,36.8,37.8,67.9,12.9,,,2022
Stanford,P12,28,27,122.8,102.2,0.8669,53.4,43.0,22.8,16.6,30.6,27.0,38.8,39.5,50.1,40.4,40.0,32.1,76.3,14.0,Champions,3.0,2022
Clemson,ACC,36,33,84.8,97.2,0.2442,46.8,42.9,13.2,20.9,32.8,29.4,29.7,21.7,59.4,49.2,41.5,28.0,61.7,14.0,,,2022
Gonzaga,WCC,34,30,109.3,80.5,0.9324,44.0,43.5,16.3,12.8,31.9,40.7,29.3,31.2,48.2,43.5,31.6,14.5,55.4,16.0,2ND,1.0,2022
Baylor,B12,31,30,135.0,112.8,0.8831,54.5,50.6,15.6,11.9,27.5,35.2,30.0,30.9,47.5,49.4,50.8,33.2,58.3,18.0,,,2022
North Carolina,ACC,30,29,109.2,82.9,0.9158,54.4,49.9,23.2,16.9,33.5,33.6,32.7,35.4,48.8,39.6,31.9,32.8,68.2,12.0,Champions,2.0,2023
LSU,SEC,32,27,115.7,58.7,0.9944,51.6,53.4,19.4,11.3,31.0,35.2,34.8,41.0,55.3,46.7,22.3,34.7,71.1,6.0,,,2023
Ohio State,B10,33,27,110.6,111.5,0.4804,47.7,47.5,10.5,19.8,32.1,35.5,42.5,42.8,50.0,52.4,23.5,39.9,49.2,7.0,,,2023
Nevada,MWC,35,27,112.7,85.5,0.9222,45.0,48.2,13.9,18.1,34.0,17.7,22.2,28.2,49.9,46.0,22.9,30.3,59.1,10.3,,,2023
Texas Tech,B12,36,30,122.2,96.1,0.9148,53.5,56.0,11.8,22.5,25.9,28.3,25.2,25.1,38.5,45.9,34.4,41.7,63.1,10.2,R32,14.0,2023
Stanford,P12,39,25,96.6,102.4,0.3701,58.0,47.9,18.3,15.9,33.2,25.6,17.6,31.5,67.2,48.7,36.3,37.5,67.1,7.5,,,2023
Davidson,A10,33,26,115.8,95.1,0.8677,50.9,52.0,14.4,19.7,22.9,38.0,31.1,36.4,53.4,50.2,51.0,34.1,64.6,11.9,E8,2.0,2023
San Diego State,MWC,37,18,97.3,83.2,0.7825,50.6,39.4,16.1,22.4,35.3,29.7,34.1,29.8,38.2,46.3,41.3,21.2,74.9,-1.8,,,2023
Michigan State,B10,28,15,128.4,94.6,0.9554,51.1,49.9,16.7,23.6,35.4,28.5,29.9,23.0,53.5,53.1,49.3,42.5,64.6,2.4,R32,7.0,2023
Dayton,A10,28,20,101.1,103.1,0.4538,43.9,43.8,15.0,12.0,38.0,22.7,33.4,27.3,53.6,46.5,23.1,30.7,61.9,6.9,,,2023
Marquette,BE,36,12,122.8,89.5,0.9537,46.6,45.5,16.4,12.7,32.9,27.3,35.0,30.0,56.5,52.7,34.9,39.8,79.2,-2.9,,,2023
Arizona,P12,32,13,118.0,75.9,0.9787,55.1,47.3,15.7,23.3,31.5,24.7,31.5,21.9,41.8,38.2,37.2,32.3,75.3,-3.0,R64,9.0,2023
Belmont,OVC,35,34,95.2,103.0,0.3286,53.6,48.2,23.5,23.5,31.7,26.5,38.7,20.4,48.0,43.9,36.6,24.5,76.2,18.9,,,2023
Utah State,MWC,38,23,135.9,100.2,0.9626,50.3,43.8,15.4,13.5,35.9,33.6,37.0,25.8,52.4,53.3,36.7,45.3,72.6,4.5,S16,9.0,2023
Oregon,P12,29,22,123.1,100.2,0.8894,52.8,42.5,13.1,25.9,30.6,24.0,37.3,30.9,52.6,51.7,32.1,30.3,57.6,7.9,,,2023
Florida,SEC,29,15,95.3,92.3,0.5688,57.0,50.5,16.8,16.0,28.4,26.3,51.4,38.2,52.7,43.2,34.9,39.3,76.9,1.4,,,2023
Duke,ACC,30,19,112.6,78.3,0.9576,51.1,44.5,15.1,16.9,30.5,27.1,43.3,28.6,50.3,51.1,43.4,40.0,81.1,3.8,R32,6.0,2023
Colorado State,MWC,36,11,119.5,88.5,0.9436,57.9,49.0,15.8,18.3,35.0,30.9,37.1,28.9,49.8,49.9,39.5,29.2,66.1,-10.5,Champions,1.0,2023
Kentucky,SEC,30,15,113.4,80.7,0.9515,50.0,47.0,22.1,14.8,39.1,28.1,41.3,30.1,46.2,45.2,42.8,33.1,78.8,-0.4,,,2023
Morehead State,OVC,34,15,100.3,92.4,0.6729,48.9,49.1,14.1,16.4,25.2,36.0,40.3,31.2,41.7,50.7,35.8,40.0,67.6,-0.4,,,2023
Austin Peay,OVC,34,17,118.7,98.1,0.8661,56.7,48.2,13.8,16.2,30.8,27.4,41.6,31.5,47.4,42.3,36.1,30.4,60.3,-0.1,S16,1.0,2023
Gonzaga,WCC,30,23,116.9,103.5,0.7718,48.1,51.5,11.9,18.9,29.6,25.8,33.1,27.0,43.4,44.6,32.5,31.1,64.6,6.6,,,2023
Saint Louis,A10,32,26,111.8,98.2,0.7756,49.2,52.2,14.9,11.4,32.2,26.8,37.8,31.4,54.9,41.3,49.7,37.2,75.4,11.1,,,2023
Auburn,SEC,37,29,98.2,91.2,0.6539,45.0,46.2,16.9,21.1,40.5,32.3,33.0,21.0,43.9,43.9,36.1,32.8,69.4,11.8,,,2023
Mississippi State,SEC,32,21,114.2,91.4,0.8891,53.8,48.2,12.5,10.9,33.5,22.0,33.7,29.7,49.4,56.6,28.8,27.8,65.2,4.1,Champions,1.0,2023
VCU,A10,31,23,119.4,87.7,0.947,48.4,47.2,12.1,14.8,34.3,29.4,30.1,33.7,39.5,47.8,31.4,35.5,64.9,8.3,,,2023
Illinois,B10,31,15,110.9,88.6,0.8835,44.3,40.4,10.9,12.0,32.0,29.5,20.8,26.4,44.0,47.6,30.4,32.6,60.7,1.1,,,2023
UCLA,P12,30,25,107.8,98.9,0.6933,48.4,54.4,15.3,20.5,36.2,21.5,29.2,30.8,54.2,46.9,40.5,26.4,72.0,6.9,,,2023
Kansas,B12,30,19,112.4,100.6,0.7447,52.0,47.0,17.1,20.9,42.7,34.0,26.0,21.7,47.6,54.0,36.0,32.5,70.5,4.1,,,2023
Villanova,BE,39,38,117.6,108.8,0.6897,44.3,46.1,12.1,25.7,45.1,19.0,34.1,25.3,56.7,48.2,31.2,31.7,76.7,16.6,,,2023
Miami,ACC,37,20,116.6,92.3,0.9006,48.7,44.9,19.4,23.4,34.2,15.4,48.0,27.7,48.5,49.0,41.9,32.7,75.4,-2.0,Champions,2.0,2023
West Virginia,B12,34,23,121.5,95.3,0.9155,51.3,49.0,15.9,22.1,34.1,23.8,26.9,32.9,62.7,47.9,16.6,36.7,83.3,3.8,Champions,3.0,2023
TCU,B12,39,18,96.8,104.2,0.3368,54.1,48.1,21.0,19.5,30.0,22.7,26.0,19.7,58.2,46.3,34.1,31.8,51.9,-5.3,,,2023
BYU,WCC,33,29,115.6,98.1,0.8311,44.6,48.0,16.9,22.5,32.5,22.3,32.0,30.1,59.5,41.3,34.7,17.9,82.3,10.5,,,2023
Clemson,ACC,28,22,106.9,106.8,0.502,59.5,53.4,14.9,21.4,31.9,31.3,31.6,27.3,54.8,54.2,30.9,37.4,74.5,6.9,,,2023
Cincinnati,Amer,28,10,111.2,102.9,0.6797,49.9,44.9,13.4,17.9,28.2,27.7,38.1,26.4,50.0,49.9,38.0,28.1,64.8,-1.6,,,2023
Alabama,SEC,35,16,84.9,97.0,0.2501,54.2,49.3,13.2,19.9,27.7,29.4,22.3,26.9,62.6,46.9,32.6,36.0,66.9,0.8,,,2023
Xavier,BE,37,34,118.5,96.2,0.8836,46.4,54.4,17.7,13.0,30.5,23.3,37.2,29.8,49.9,48.3,37.9,37.3,54.7,18.3,R32,8.0,2023
Arkansas,SEC,34,15,90.7,100.5,0.2902,45.5,41.8,20.4,12.9,39.7,22.3,24.3,38.4,48.7,47.1,33.6,40.0,65.3,-3.5,,,2023
Indiana,B10,36,21,117.0,86.4,0.9418,51.4,55.0,14.2,17.7,22.4,25.2,38.2,22.9,46.4,52.3,17.0,29.8,72.2,0.3,E8,4.0,2023
Memphis,Amer,35,30,91.9,92.9,0.4759,53.6,49.9,12.4,18.5,35.8,36.3,10.9,21.0,49.0,57.9,37.4,39.1,61.8,11.5,,,2023
SMU,Amer,32,20,103.7,121.0,0.1726,49.6,40.0,12.0,15.5,31.1,29.9,28.5,26.9,48.2,53.8,38.9,40.7,70.2,1.9,,,2023
San Francisco,WCC,31,14,109.5,108.8,0.5156,56.5,48.1,16.3,19.9,32.1,25.1,41.0,33.2,65.0,48.5,36.7,28.9,64.0,-0.6,,,2023
Virginia,ACC,38,15,126.5,96.9,0.9365,56.5,50.9,15.1,18.7,33.1,24.8,36.6,15.9,51.6,53.3,29.3,49.5,60.0,-8.1,,,2023
Wake Forest,ACC,29,21,105.6,94.1,0.7404,49.0,43.2,16.3,15.0,34.9,27.4,18.1,25.7,58.5,54.1,41.6,35.1,80.5,4.8,,,2023
Oklahoma,B12,29,11,120.0,85.4,0.9589,52.8,47.7,22.9,28.3,26.1,29.5,45.6,34.2,52.2,60.3,30.2,28.1,78.2,-0.3,2ND,1.0,2023
Michigan,B10,38,18,115.8,89.4,0.9169,48.1,46.7,15.6,13.4,33.4,26.3,44.6,22.1,43.7,57.5,38.7,34.6,69.8,-0.6,Champions,1.0,2023
Murray State,OVC,39,22,95.6,100.2,0.3969,51.7,44.2,8.0,21.8,30.3,21.2,29.5,17.4,50.4,40.7,39.3,35.9,76.0,3.5,,,2023
Louisville,ACC,33,21,108.2,93.0,0.8003,54.1,40.8,21.0,15.3,29.0,27.6,30.0,24.3,58.6,44.7,40.9,24.3,63.2,4.0,,,2023
Iowa,B10,31,24,115.9,84.5,0.9453,47.0,50.5,14.2,20.4,39.2,24.8,26.4,39.8,51.6,44.6,34.3,29.9,81.4,8.9,E8,1.0,2023
Iowa State,B12,36,16,106.6,94.5,0.7517,44.4,49.3,10.9,20.2,29.9,24.1,33.5,40.0,50.3,56.1,26.0,32.6,78.0,-2.0,,,2023
Baylor,B12,34,16,108.2,85.1,0.8911,51.4,40.8,19.2,18.5,45.9,18.1,43.4,31.9,52.7,38.0,31.5,29.6,71.4,1.3,2ND,1.0,2023
Houston,Amer,38,37,114.3,99.9,0.7868,42.2,50.7,14.7,24.4,31.2,28.9,41.5,49.9,51.9,40.6,37.1,34.0,53.5,18.5,,,2023
Wisconsin,B10,38,28,117.2,95.3,0.8802,45.3,42.0,18.7,20.5,30.4,28.3,33.3,21.5,40.0,48.9,42.5,34.6,67.4,6.8,S16,3.0,2023
Texas,B12,37,26,122.8,82.8,0.9743,40.9,50.8,18.4,14.8,25.0,20.5,37.4,26.0,58.3,42.4,34.1,42.1,68.0,7.8,Champions,1.0,2023
Syracuse,ACC,35,27,113.7,91.1,0.8861,48.5,51.5,23.1,16.8,30.8,35.6,37.0,32.5,51.8,44.8,40.3,41.5,61.0,12.3,R64,11.0,2023
Saint Mary's,WCC,36,18,100.1,86.6,0.773,55.5,41.2,21.3,22.6,25.6,23.8,37.4,38.9,48.6,45.4,28.0,36.9,72.0,2.8,,,2023
Creighton,BE,32,23,108.6,110.0,0.4687,54.4,51.8,18.2,20.2,28.4,27.1,44.9,38.1,57.0,45.2,38.8,42.5,72.7,9.0,,,2023
Purdue,B10,39,36,128.9,73.4,0.9936,47.2,40.8,13.9,14.8,23.4,27.5,38.3,38.2,34.8,55.0,34.1,44.2,58.6,16.7,E8,5.0,2023
Tennessee,SEC,36,18,114.3,83.6,0.9422,55.8,48.4,16.3,14.7,35.6,26.5,20.0,30.4,49.8,45.2,33.4,35.3,67.1,-1.4,E8,4.0,2023
Iowa State,B12,31,20,115.9,119.8,0.4122,59.1,48.1,10.4,10.4,28.3,16.5,45.5,20.0,51.9,45.6,34.0,39.6,74.5,1.0,,,2024
Duke,ACC,36,12,97.7,96.8,0.5204,53.2,52.7,15.6,15.5,29.7,36.7,42.3,35.5,58.6,48.7,36.9,23.6,59.3,-5.8,,,2024
Virginia,ACC,34,26,111.8,92.8,0.8491,51.4,47.8,17.0,16.5,31.8,41.1,29.2,29.3,46.1,56.8,40.8,30.8,72.0,4.7,,,2024
Murray State,OVC,32,27,88.9,90.8,0.4574,45.7,48.7,17.1,14.4,29.8,30.2,29.6,35.3,46.5,58.1,35.6,37.1,80.3,8.4,,,2024
Miami,ACC,36,11,112.5,96.4,0.8116,50.6,48.1,14.2,21.2,22.2,29.6,33.8,25.7,47.0,44.2,31.9,33.9,55.2,-7.9,,,2024
Purdue,B10,37,29,111.5,79.8,0.9467,45.9,47.1,15.9,22.0,26.1,30.3,25.6,35.4,43.4,43.9,38.9,27.0,54.5,12.3,,,2024
Illinois,B10,29,16,124.4,99.3,0.9074,52.9,50.8,18.5,15.1,34.0,28.0,40.8,25.2,52.4,46.8,33.7,38.9,73.3,1.7,R64,3.0,2024
SMU,Amer,37,18,105.9,97.4,0.6843,60.8,42.6,18.4,16.9,26.3,25.6,40.5,19.2,58.4,43.3,30.0,43.5,65.9,-3.4,,,2024
Florida,SEC,29,14,108.8,97.5,0.7377,40.2,55.0,17.4,24.4,43.2,32.4,27.2,40.0,57.5,42.8,26.4,38.4,74.3,5.0,,,2024
Indiana,B10,32,31,117.2,80.8,0.9647,58.7,41.4,16.0,12.5,31.7,29.7,24.2,32.3,46.6,45.7,35.2,26.8,66.3,14.1,E8,6.0,2024
North Carolina,ACC,30,28,93.5,103.7,0.2828,55.1,48.7,14.1,13.5,38.3,27.7,35.2,19.3,55.0,50.1,42.8,33.6,54.2,12.6,,,2024
Michigan,B10,34,31,109.7,104.3,0.6204,49.9,49.1,17.7,22.2,27.8,28.9,35.6,31.5,64.5,49.1,38.8,27.5,63.2,14.5,,,2024
Kansas,B12,36,14,106.1,98.9,0.6585,44.3,48.1,12.5,26.4,36.0,22.9,34.8,28.7,55.3,48.4,46.7,38.9,65.9,-2.6,,,2024
Clemson,ACC,30,10,115.4,111.7,0.5839,48.9,47.1,14.3,17.2,34.8,26.9,11.0,17.7,48.6,42.9,25.6,39.0,72.1,-2.2,,,2024
Syracuse,ACC,37,26,99.1,83.2,0.8089,50.8,44.7,14.7,16.7,34.5,23.8,31.9,28.8,60.3,46.4,39.1,33.0,69.1,8.4,,,2024
VCU,A10,30,21,93.3,92.2,0.5254,49.1,46.0,19.7,18.4,33.7,35.4,41.1,30.1,52.9,52.9,38.6,32.7,68.4,5.2,,,2024
Saint Louis,A10,38,10,93.2,87.5,0.6259,46.1,51.4,19.8,21.9,40.1,36.1,45.6,36.5,54.8,44.9,23.1,30.8,78.7,-9.8,,,2024
BYU,WCC,36,24,93.1,92.6,0.5106,64.2,51.4,16.2,14.2,32.5,25.6,32.7,31.8,46.4,35.4,33.5,37.2,72.2,5.6,,,2024
Belmont,OVC,29,28,113.0,86.0,0.9211,54.9,51.5,16.6,22.9,32.2,27.4,58.5,37.1,46.3,46.6,36.1,32.6,64.9,12.9,,,2024
Saint Mary's,WCC,39,38,114.5,94.5,0.8603,47.1,44.7,17.9,24.7,30.2,21.2,27.8,36.9,48.3,49.5,38.3,30.3,60.7,19.2,,,2024
West Virginia,B12,28,20,123.3,92.3,0.9438,55.1,51.8,25.5,12.5,31.6,36.8,38.0,23.5,45.8,48.7,26.4,39.3,75.9,7.5,Champions,1.0,2024
Tennessee,SEC,38,37,116.8,80.7,0.9636,49.0,47.9,17.0,15.5,35.3,32.2,46.6,23.4,55.0,52.5,35.4,38.6,80.6,14.2,R32,12.0,2024
Dayton,A10,34,28,109.4,102.4,0.6548,41.5,43.7,13.7,20.4,32.8,33.2,48.1,27.6,55.4,41.1,31.2,26.7,76.4,10.4,,,2024
Stanford,P12,32,25,98.2,90.3,0.6712,44.7,45.7,12.2,21.0,35.7,27.3,38.4,30.3,53.9,43.2,28.7,31.4,68.6,7.6,,,2024
Creighton,BE,38,15,114.8,109.5,0.6193,44.6,50.5,19.0,18.4,35.2,26.8,29.5,19.4,57.8,51.6,25.3,43.5,78.1,-4.7,,,2024
Villanova,BE,39,21,86.9,87.6,0.4856,53.0,41.2,13.6,18.4,35.2,17.9,32.7,31.8,51.4,46.5,46.4,27.4,67.3,0.4,,,2024
Austin Peay,OVC,39,24,88.6,93.1,0.3999,46.7,45.4,16.5,20.1,30.3,29.8,21.6,31.9,47.1,48.7,29.1,35.6,57.9,4.3,,,2024
Arizona,P12,32,12,105.2,97.7,0.6651,54.3,57.0,12.7,13.8,37.7,26.8,37.3,28.7,48.6,46.9,30.8,27.0,71.3,-2.6,,,2024
Nevada,MWC,37,35,92.1,94.8,0.4395,49.3,52.3,14.3,17.3,14.1,29.6,33.8,32.2,59.6,52.0,28.8,33.8,60.3,18.3,,,2024
Ohio State,B10,34,30,98.5,89.6,0.6918,44.5,40.1,18.3,18.6,35.6,22.6,48.5,30.3,43.4,50.4,34.0,30.1,79.0,11.6,,,2024
Auburn,SEC,30,23,110.8,78.3,0.9503,45.7,41.0,15.1,14.7,33.4,19.9,20.4,30.7,50.7,54.2,26.8,47.9,65.0,9.3,,,2024
LSU,SEC,29,12,101.6,104.2,0.441,44.3,43.3,15.8,17.7,33.1,24.5,28.1,22.9,50.2,47.3,35.7,29.3,70.5,-2.6,,,2024
Kentucky,SEC,33,14,111.2,99.0,0.7531,47.3,45.6,14.4,20.5,29.4,27.7,30.0,32.0,50.9,46.8,31.0,38.0,60.9,-1.8,,,2024
Michigan State,B10,35,34,98.9,99.0,0.4969,47.9,49.8,17.5,18.0,24.4,29.9,21.7,25.5,59.9,47.8,36.2,40.2,75.6,15.4,,,2024
Morehead State,OVC,39,11,114.3,71.1,0.9808,56.2,42.2,16.0,13.3,36.1,22.0,42.2,22.9,53.6,43.3,39.9,29.8,74.0,-8.4,R64,10.0,2024
Memphis,Amer,29,28,98.5,96.3,0.5497,50.1,39.2,14.8,13.8,46.4,25.9,32.9,31.5,50.2,46.7,30.6,36.3,63.8,15.0,,,2024
San Diego State,MWC,32,31,123.0,98.6,0.9017,48.7,50.3,14.1,18.4,38.1,21.4,37.2,35.8,47.5,51.9,37.9,33.5,52.5,15.9,,,2024
Cincinnati,Amer,29,13,118.9,97.2,0.8774,54.0,52.6,15.0,17.7,42.0,28.3,47.9,32.7,52.7,50.2,31.7,27.8,75.9,-3.4,R32,3.0,2024
Alabama,SEC,37,25,139.2,112.4,0.9196,45.9,43.3,15.8,14.0,34.5,34.2,34.7,24.8,43.3,44.9,29.7,33.7,73.6,5.7,,,2024
Xavier,BE,28,15,102.5,84.2,0.8401,48.3,50.4,17.9,18.1,21.1,28.5,34.5,28.6,53.7,51.8,34.2,21.2,74.2,-2.6,,,2024
Texas,B12,34,25,102.9,87.4,0.8033,58.3,43.9,22.1,17.7,40.9,25.3,38.1,29.6,50.9,50.2,35.6,37.5,64.1,6.2,,,2024
Utah State,MWC,36,29,103.1,102.4,0.5164,48.1,42.6,15.1,24.0,32.7,28.5,42.0,30.3,43.9,51.4,31.4,30.4,78.7,10.3,,,2024
TCU,B12,29,22,103.3,103.4,0.4984,46.5,40.7,20.9,14.1,32.5,37.5,33.0,34.9,52.1,53.6,30.7,43.3,74.5,8.7,,,2024
San Francisco,WCC,38,29,104.3,93.4,0.7283,57.3,50.9,18.0,17.7,27.0,19.5,32.5,27.3,43.6,40.8,50.9,35.8,86.3,11.1,,,2024
Houston,Amer,29,26,105.6,96.9,0.6881,49.9,40.1,16.6,14.8,27.9,34.8,33.7,50.4,52.9,46.8,36.9,35.0,66.2,11.3,,,2024
Wisconsin,B10,28,27,120.0,108.8,0.7359,46.8,45.2,18.8,18.5,29.2,32.5,39.6,30.0,34.5,52.2,32.6,41.9,63.8,13.2,,,2024
Oklahoma,B12,33,29,106.0,106.6,0.4867,56.0,46.3,14.0,19.5,51.8,29.9,12.1,34.0,46.6,49.5,28.1,35.8,72.4,13.7,,,2024
Baylor,B12,38,19,102.8,97.1,0.6261,42.4,43.9,16.2,23.2,35.6,34.9,34.7,34.9,53.4,47.0,46.9,26.2,73.7,-1.7,,,2024
Gonzaga,WCC,29,20,103.0,99.2,0.5844,48.1,52.6,19.5,19.4,43.6,27.0,29.4,22.1,60.8,55.5,32.8,25.5,75.8,8.4,,,2024
Louisville,ACC,31,28,96.9,79.2,0.8335,54.7,50.8,14.6,15.9,23.7,32.0,50.0,19.1,60.4,51.2,29.2,29.7,73.3,10.7,,,2024
Iowa,B10,32,19,107.8,99.9,0.6711,51.7,44.3,13.4,23.7,30.4,28.4,39.2,41.8,53.4,44.7,18.2,35.9,58.2,4.8,,,2024
Marquette,BE,36,33,93.3,96.2,0.4332,49.0,51.1,13.6,14.3,36.3,23.5,40.2,33.2,53.6,56.1,18.4,29.9,61.2,15.2,,,2024
Arkansas,SEC,35,28,113.6,107.6,0.6334,53.8,57.0,20.3,20.1,30.3,27.5,34.3,31.3,61.5,53.1,51.5,38.6,72.5,12.2,,,2024
Wake Forest,ACC,36,31,107.5,89.0,0.8431,50.5,51.5,10.3,17.8,31.7,32.4,41.4,28.4,52.0,49.8,40.3,34.8,82.1,14.0,,,2024
Oregon,P12,37,17,90.7,90.4,0.5059,44.1,47.2,9.4,9.1,27.4,24.2,36.9,28.6,58.7,51.7,31.2,28.5,59.5,-2.5,,,2024
Davidson,A10,38,14,104.7,85.8,0.8481,50.4,46.4,14.1,19.0,39.5,33.4,41.8,25.7,40.9,49.0,35.7,24.9,72.6,-3.6,,,2024
UCLA,P12,39,15,107.0,96.5,0.7222,45.2,55.1,14.3,18.0,33.8,36.0,33.0,26.1,38.0,47.6,35.1,39.0,70.2,-4.3,,,2024
Mississippi State,SEC,39,12,99.3,98.6,0.5155,46.0,49.5,20.9,12.9,29.2,27.8,35.2,28.4,47.7,52.6,41.3,30.6,65.8,-9.5,,,2024
Texas Tech,B12,37,22,95.4,94.3,0.5246,49.3,53.1,20.4,22.1,28.4,30.2,32.9,20.0,58.1,52.5,42.1,34.6,87.1,6.5,,,2024
Colorado State,MWC,35,22,91.0,81.4,0.7051,54.9,47.0,15.3,18.4,35.6,33.1,34.6,26.3,49.4,49.8,21.6,34.8,58.0,4.9,,,2024
Duke,ACC,31,26,95.2,88.0,0.6567,52.2,52.5,20.3,16.7,39.2,28.5,44.1,40.1,58.6,46.9,22.0,35.5,61.0,8.1,,,2025
Oregon,P12,34,15,99.4,83.1,0.8145,49.7,45.9,15.3,16.9,41.5,24.5,45.9,33.4,55.2,49.1,29.8,26.4,63.2,-0.1,,,2025
San Francisco,WCC,36,23,113.8,98.5,0.8009,52.2,49.2,13.5,18.5,20.5,26.1,27.0,25.0,46.6,53.2,32.1,30.9,76.9,4.9,,,2025
Belmont,OVC,34,11,130.0,112.3,0.8334,54.4,51.0,14.0,16.4,27.9,29.1,38.2,28.0,41.1,51.3,45.3,24.9,80.4,-3.3,,,2025
Baylor,B12,36,19,106.0,97.1,0.6929,44.8,55.0,16.0,16.3,37.2,27.0,42.1,37.3,54.5,46.4,30.8,39.8,72.9,1.9,,,2025
LSU,SEC,30,12,99.0,96.6,0.5542,53.1,52.9,16.9,14.7,37.9,31.2,38.2,27.7,47.0,51.8,32.3,31.4,55.2,-7.8,,,2025
Texas Tech,B12,37,36,110.3,98.0,0.7535,43.7,42.8,13.0,15.3,21.4,33.2,28.6,21.5,43.7,46.0,27.7,30.0,64.0,20.8,,,2025
San Diego State,MWC,34,21,102.4,101.6,0.5171,42.7,48.4,13.7,7.6,34.2,26.2,41.9,32.8,58.7,52.1,46.2,27.8,64.6,7.3,,,2025
Indiana,B10,31,19,89.3,86.7,0.5578,39.3,48.6,13.8,14.0,35.2,27.2,28.3,25.9,48.2,54.7,38.3,37.5,65.6,0.2,,,2025
Oklahoma,B12,37,20,116.3,98.2,0.8386,48.1,50.9,19.5,10.2,17.6,28.9,28.8,26.8,50.7,43.7,39.8,43.1,64.5,0.9,,,2025
Morehead State,OVC,36,23,119.1,98.2,0.87,45.7,34.1,19.0,21.4,38.3,23.3,32.7,24.9,47.9,57.3,33.1,38.9,62.4,3.2,E8,1.0,2025
Utah State,MWC,38,32,80.3,89.2,0.3082,47.6,47.9,15.0,22.6,32.8,21.0,47.5,40.0,42.7,44.7,37.4,33.4,65.0,13.9,,,2025
Colorado State,MWC,31,19,88.9,92.7,0.413,50.7,46.7,11.4,16.6,47.7,29.4,29.9,29.6,55.4,51.7,42.2,39.9,73.3,4.1,,,2025
UCLA,P12,35,17,103.6,83.4,0.8621,49.0,47.8,12.7,18.7,20.5,28.1,37.7,42.1,51.5,57.0,38.9,35.7,58.8,-2.6,E8,6.0,2025
Nevada,MWC,38,24,122.1,99.2,0.8895,49.9,46.9,15.5,6.2,22.4,33.5,50.2,26.7,62.6,52.2,28.6,25.9,52.5,4.7,S16,12.0,2025
North Carolina,ACC,35,26,105.2,99.5,0.6275,44.8,51.4,20.5,17.0,32.7,17.8,31.9,27.5,52.2,54.4,34.6,39.1,78.1,9.0,,,2025
Clemson,ACC,36,17,87.8,101.9,0.2173,51.0,56.1,17.2,17.8,34.9,29.7,31.0,37.5,49.9,53.0,29.6,41.4,70.4,-1.4,,,2025
Auburn,SEC,34,10,134.1,96.8,0.9675,52.2,56.2,13.4,8.2,33.0,31.6,24.1,27.9,49.7,42.3,42.6,30.7,82.3,-5.9,R32,9.0,2025
Purdue,B10,31,23,114.6,97.7,0.8223,44.1,41.6,18.5,20.2,20.0,23.1,43.8,39.9,50.7,44.7,36.7,45.5,73.5,7.8,,,2025
Tennessee,SEC,36,22,110.4,96.9,0.7721,49.5,48.4,11.3,17.7,47.0,31.4,29.2,28.8,50.8,52.4,34.5,28.2,78.6,7.6,,,2025
Alabama,SEC,28,12,102.7,97.5,0.6156,54.3,41.3,12.7,17.6,29.9,28.2,45.0,24.0,52.9,46.5,29.6,32.6,74.1,-3.1,,,2025
Marquette,BE,36,14,113.9,114.4,0.4867,52.2,44.1,20.1,11.2,26.6,27.8,39.8,30.2,55.4,54.8,31.2,33.8,65.9,-3.2,,,2025
Gonzaga,WCC,36,17,126.0,101.4,0.9036,54.5,48.9,23.3,20.6,19.9,14.5,35.1,25.2,53.1,43.6,36.1,26.8,72.4,-4.1,E8,4.0,2025
Miami,ACC,33,11,118.9,106.2,0.7597,56.4,47.1,17.3,21.5,25.6,29.5,35.8,28.8,49.9,39.4,26.3,34.4,84.6,-4.9,,,2025
Syracuse,ACC,35,28,101.8,92.0,0.7091,49.5,49.6,18.7,7.6,19.0,32.8,28.4,29.4,48.6,47.2,37.4,30.2,65.3,9.9,,,2025
Virginia,ACC,33,10,113.9,91.8,0.8825,45.9,50.7,18.8,17.6,38.0,24.4,41.4,31.4,47.9,44.2,23.4,35.0,76.8,-6.2,Champions,1.0,2025
SMU,Amer,36,15,130.1,91.5,0.971,53.4,50.5,13.7,17.6,24.5,39.1,41.2,34.9,47.7,43.0,43.3,37.2,70.6,-4.5,Champions,3.0,2025
VCU,A10,39,19,105.1,100.8,0.5958,62.2,52.0,17.3,16.6,36.6,29.3,33.4,35.6,58.8,48.1,27.3,40.7,65.5,-2.9,,,2025
Memphis,Amer,29,14,109.1,96.5,0.7586,50.2,43.2,16.1,29.3,37.4,12.1,18.9,33.1,55.0,52.3,41.1,40.3,51.7,-4.5,,,2025
Wisconsin,B10,30,24,113.1,95.1,0.8363,49.1,55.4,12.2,18.1,31.2,24.7,33.9,30.5,56.2,43.1,40.1,22.5,64.8,6.9,,,2025
Houston,Amer,35,28,110.3,87.7,0.8863,47.9,48.4,11.2,18.0,20.0,38.3,46.8,30.1,52.0,39.8,38.7,30.6,74.6,11.6,S16,11.0,2025
Kentucky,SEC,31,24,114.8,84.6,0.9398,52.4,50.1,17.4,12.0,38.4,34.6,34.6,28.3,37.6,41.4,30.7,41.3,67.4,9.4,E8,4.0,2025
Michigan,B10,35,26,107.5,105.4,0.5492,41.2,50.4,13.8,25.2,22.6,27.5,44.1,25.8,46.9,42.2,35.8,24.2,66.7,7.5,,,2025
Florida,SEC,29,17,103.9,90.0,0.7797,52.9,50.5,17.3,20.1,34.9,30.9,35.3,37.5,45.8,54.5,28.8,38.9,62.5,2.8,,,2025
Stanford,P12,31,26,111.8,99.6,0.7523,52.3,51.2,14.8,15.4,39.3,31.8,25.3,20.1,54.4,42.0,30.3,25.0,72.0,10.9,,,2025
Michigan State,B10,33,10,109.0,92.6,0.8166,54.9,46.1,14.0,6.3,31.1,31.8,27.2,25.5,54.1,48.9,35.8,41.2,59.0,-8.9,,,2025
Iowa State,B12,35,28,101.9,88.7,0.768,52.4,47.5,16.8,22.1,36.4,21.0,39.7,33.3,39.8,38.5,28.9,20.5,61.5,9.0,,,2025
Creighton,BE,37,27,99.9,92.6,0.6596,37.8,54.3,15.4,19.9,32.9,24.6,39.1,20.7,50.2,57.0,34.1,38.3,74.7,6.5,,,2025
Wake Forest,ACC,37,27,91.9,118.6,0.081,49.0,50.8,18.7,20.0,31.8,26.3,33.6,29.0,50.8,55.7,25.5,30.7,64.7,7.9,,,2025
Ohio State,B10,35,29,93.4,94.0,0.4868,56.2,52.3,16.8,18.0,41.4,29.7,30.5,18.6,53.8,44.3,46.5,32.4,71.5,12.4,,,2025
Austin Peay,OVC,34,23,90.2,85.4,0.6065,40.0,52.6,16.3,19.4,42.5,27.2,25.3,22.8,58.7,47.7,35.4,33.5,54.3,3.3,,,2025
Louisville,ACC,31,19,95.8,96.6,0.4797,47.7,45.2,14.4,20.0,30.2,30.9,35.0,31.7,52.8,42.5,45.7,21.2,73.4,4.5,,,2025
Illinois,B10,32,27,95.4,111.3,0.1919,45.1,52.2,13.1,20.0,36.7,25.0,34.4,23.9,55.8,45.7,36.6,28.7,65.8,8.7,,,2025
TCU,B12,31,24,118.3,93.4,0.9063,48.5,46.2,14.9,13.6,29.9,28.0,35.2,21.6,50.0,48.3,34.6,37.9,60.6,9.8,R64,10.0,2025
West Virginia,B12,34,14,93.7,89.4,0.5964,49.9,50.0,18.5,7.4,30.8,31.6,42.6,34.0,54.9,44.4,38.6,37.9,70.7,-2.2,,,2025
BYU,WCC,38,10,115.4,99.7,0.807,55.0,44.5,9.3,19.6,38.2,28.0,39.1,24.9,55.7,47.0,29.4,31.6,68.5,-8.2,,,2025
Mississippi State,SEC,30,22,105.0,114.0,0.3051,46.7,53.6,7.3,17.5,20.7,31.8,33.4,30.4,54.5,39.7,33.6,37.4,70.1,6.8,,,2025
Saint Louis,A10,35,27,122.4,89.5,0.9521,45.2,45.9,15.8,19.3,32.1,21.5,38.7,45.8,43.7,37.6,39.0,28.8,60.7,8.2,E8,5.0,2025
Cincinnati,Amer,29,10,109.7,101.7,0.6751,51.7,52.0,16.5,17.8,27.6,34.5,41.5,33.6,45.6,44.4,32.9,33.3,60.7,-4.1,,,2025
Kansas,B12,28,14,132.3,86.5,0.9846,52.8,52.0,16.1,18.5,26.0,24.6,37.3,36.1,53.2,52.8,43.5,24.2,66.5,-0.7,E8,3.0,2025
Arkansas,SEC,38,18,112.6,92.7,0.8587,51.8,48.4,12.2,18.4,30.5,37.2,33.7,30.3,49.1,46.3,47.4,17.0,66.2,0.7,Champions,1.0,2025
Davidson,A10,37,30,112.1,88.4,0.8965,51.8,46.8,14.2,24.3,32.7,27.2,53.4,28.2,58.7,56.2,28.5,34.5,83.4,11.3,R32,13.0,2025
Saint Mary's,WCC,34,30,98.2,92.1,0.6358,51.6,39.8,17.6,17.2,35.5,27.5,33.8,23.7,48.2,43.1,31.6,37.6,67.8,16.3,,,2025
Texas,B12,36,11,130.1,94.2,0.963,47.0,47.2,14.2,27.6,29.6,41.4,29.3,26.0,55.2,50.1,36.1,23.7,65.2,-7.4,E8,1.0,2025
Villanova,BE,36,26,110.6,90.0,0.8668,47.6,51.7,13.2,16.3,29.6,20.2,35.4,31.6,56.9,52.1,34.6,37.9,71.7,10.0,S16,13.0,2025
Arizona,P12,29,23,141.9,106.5,0.9613,51.3,41.7,15.8,21.6,25.6,27.3,31.7,20.0,47.2,49.1,20.9,36.8,52.5,9.8,S16,1.0,2025
Iowa,B10,34,18,115.6,90.7,0.9058,49.3,52.6,15.0,23.9,23.2,32.1,53.0,22.7,46.9,54.9,31.9,37.3,77.5,-0.7,,,2025
Dayton,A10,29,18,105.2,99.0,0.6387,49.3,42.6,17.4,23.9,29.1,30.0,31.8,27.3,50.7,40.7,23.9,27.5,73.4,7.0,,,2025
Murray State,OVC,36,27,97.7,84.1,0.7759,49.2,46.9,20.4,19.1,33.7,24.6,35.8,36.2,58.5,54.7,42.9,29.1,65.3,6.4,,,2025
Xavier,BE,31,14,118.0,98.9,0.8504,44.1,46.2,20.1,21.2,27.9,28.1,26.6,33.3,48.1,42.3,35.0,28.5,70.2,-3.7,,,2025
